global_robustness_order	candidate_id	p_rank_1	p_top_5	mean_rank	mean_utility	utility_sd	strict_no_1mm_p_top_5	one_mismatch_hits	panel_flag
1	MALAT1_A549_NGG_0046	0.47756	0.81684	4.10982	0.83490903	0.0978586	0.81728	0	1
2	MALAT1_A549_NGG_0047	0.11726	0.74078	5.4522	0.81249838	0.10534499	0.73878	0	1
3	MALAT1_A549_NGG_0048	0.00622	0.5187	8.3664	0.77885565	0.12026597	0.52144	0	1
4	MALAT1_A549_NGG_0076	0.24268	0.4887	10.61296	0.76828686	0.12494277	0.48612	0	1
5	MALAT1_A549_NGG_0045	0.00278	0.46874	8.9112	0.77563104	0.11831317	0.46766	0	1
6	MALAT1_A549_NGG_0071	0.05592	0.29804	12.61706	0.72796545	0.13104507	0.30026	0	1
7	MALAT1_A549_NGG_0053	0.00092	0.2478	14.29714	0.73673689	0.12198327	0.2508	0	0
8	MALAT1_A549_NGG_0015	0.05736	0.23932	23.48878	0.65770054	0.16593057	0.23658	0	0
9	MALAT1_A549_NGG_0052	0.00028	0.16356	15.51056	0.72760131	0.12602558	0.16148	0	0
10	MALAT1_A549_NGG_0085	0.00108	0.1362	27.45402	0.63166848	0.16448765	0.13758	0	0
11	MALAT1_A549_NGG_0042	0.00058	0.11308	17.20738	0.6865723	0.13726057	0.1128	0	0
12	MALAT1_A549_NGG_0079	2e-05	0.07992	21.30096	0.66825358	0.13774804	0.0797	0	0
13	MALAT1_A549_NGG_0001	0.02438	0.07582	31.8773	0.58631091	0.19033135	0.07878	0	0
14	MALAT1_A549_NGG_0086	0.00018	0.07214	30.52404	0.61166377	0.16550262	0.0713	0	0
15	MALAT1_A549_NGG_0074	0.0	0.07066	21.05814	0.66675083	0.14112833	0.07126	0	0
16	MALAT1_A549_NGG_0049	0.00032	0.06728	35.9864	0.54030828	0.17196343	0.0675	0	0
17	MALAT1_A549_NGG_0067	0.0	0.05846	27.2347	0.63045567	0.17061139	0.0594	0	0
18	MALAT1_A549_NGG_0002	0.00482	0.05028	36.80934	0.56417184	0.19708183	0.0498	0	0
19	MALAT1_A549_NGG_0003	0.00206	0.04196	38.82898	0.55610443	0.19957828	0.04288	0	0
20	MALAT1_A549_NGG_0068	0.0	0.04126	31.44704	0.61327885	0.17962023	0.04106	0	0
21	MALAT1_A549_NGG_0004	0.00116	0.03708	40.49714	0.5496499	0.20190725	0.03794	0	0
22	MALAT1_A549_NGG_0072	0.0	0.03694	32.14048	0.61061016	0.18094554	0.0386	0	0
23	MALAT1_A549_NGG_0005	0.00426	0.03434	41.29024	0.54533715	0.20287552	0.03414	0	0
24	MALAT1_A549_NGG_0069	0.0	0.02014	37.41092	0.59126956	0.19201705	0.02042	0	0
25	MALAT1_A549_NGG_0043	0.0	0.01804	21.0346	0.65861839	0.14269174	0.0173	0	0
26	MALAT1_A549_NGG_0050	0.00012	0.01374	42.33406	0.49828363	0.16160148	0.01226	0	0
27	MALAT1_A549_NGG_0051	0.0	0.01014	21.09828	0.69188415	0.14327881	0.00922	0	0
28	MALAT1_A549_NGG_0041	0.0	0.00922	22.17782	0.65241534	0.1438202	0.0089	0	0
29	MALAT1_A549_NGG_0028	4e-05	0.00788	53.376	0.39543313	0.14952915	0.00756	0	0
30	MALAT1_A549_NGG_0040	0.0	0.00724	22.76926	0.64939179	0.14416617	0.0063	0	0
31	MALAT1_A549_NGG_0055	0.0	0.00596	22.09202	0.68683212	0.14578252	0.00616	0	0
32	MALAT1_A549_NGG_0077	0.0	0.00446	30.1849	0.61629119	0.16141408	0.0037	0	0
33	MALAT1_A549_NGG_0054	0.0	0.00112	24.90384	0.67365253	0.1531218	0.00114	0	0
34	MALAT1_A549_NGG_0078	0.0	0.00112	32.88152	0.60469214	0.16660315	0.00138	0	0
35	MALAT1_A549_NGG_0034	0.0	0.0007	28.95074	0.60849078	0.14429995	0.00084	0	0
36	MALAT1_A549_NGG_0044	0.0	0.0006	28.65524	0.61421743	0.15666049	0.0006	0	0
37	MALAT1_A549_NGG_0070	0.0	0.00046	58.7315	0.36365022	0.17767453	0.0	1	0
38	MALAT1_A549_NGG_0056	0.0	0.00044	26.07692	0.66879695	0.15606041	0.00038	0	0
39	MALAT1_A549_NGG_0060	0.0	0.00018	28.61744	0.65874566	0.1615288	2e-05	0	0
40	MALAT1_A549_NGG_0007	0.0	0.00018	41.63306	0.53367772	0.16552254	0.0002	0	0
41	MALAT1_A549_NGG_0083	0.0	0.00018	61.62786	0.34167289	0.14955092	0.00022	0	0
42	MALAT1_A549_NGG_0058	0.0	0.00012	28.05634	0.66093238	0.16027257	0.00014	0	0
43	MALAT1_A549_NGG_0057	0.0	8e-05	29.37378	0.6559211	0.16329711	8e-05	0	0
44	MALAT1_A549_NGG_0017	0.0	4e-05	40.25132	0.53706443	0.16102453	2e-05	0	0
45	MALAT1_A549_NGG_0075	0.0	2e-05	39.55138	0.57782672	0.1817052	2e-05	0	0
46	MALAT1_A549_NGG_0010	0.0	2e-05	45.03066	0.51771767	0.16819073	0.0	0	0
47	MALAT1_A549_NGG_0027	0.0	2e-05	63.10558	0.32886289	0.13307799	0.0	0	0
48	MALAT1_A549_NGG_0061	0.0	0.0	32.21092	0.64518624	0.16960695	0.0	0	0
49	MALAT1_A549_NGG_0059	0.0	0.0	32.38122	0.64455012	0.16994261	0.0	0	0
50	MALAT1_A549_NGG_0024	0.0	0.0	41.38494	0.53118974	0.16218982	0.0	0	0
51	MALAT1_A549_NGG_0023	0.0	0.0	44.53652	0.51896281	0.16618418	0.0	0	0
52	MALAT1_A549_NGG_0022	0.0	0.0	45.45336	0.51568489	0.1673328	0.0	0	0
53	MALAT1_A549_NGG_0016	0.0	0.0	46.48184	0.51126851	0.1678736	0.0	0	0
54	MALAT1_A549_NGG_0030	0.0	0.0	46.85956	0.51237931	0.17130415	0.0	0	0
55	MALAT1_A549_NGG_0021	0.0	0.0	47.06386	0.50996026	0.16903432	0.0	0	0
56	MALAT1_A549_NGG_0008	0.0	0.0	54.43068	0.48381588	0.17729645	0.0	0	0
57	MALAT1_A549_NGG_0009	0.0	0.0	56.09624	0.47795358	0.17917845	0.0	0	0
58	MALAT1_A549_NGG_0019	0.0	0.0	56.33754	0.47653239	0.18055711	0.0	1	0
59	MALAT1_A549_NGG_0018	0.0	0.0	56.39176	0.47651307	0.18047518	0.0	0	0
60	MALAT1_A549_NGG_0036	0.0	0.0	56.59514	0.36980414	0.14806192	0.0	0	0
61	MALAT1_A549_NGG_0062	0.0	0.0	56.87408	0.39392407	0.17699532	0.0	0	0
62	MALAT1_A549_NGG_0006	0.0	0.0	58.08332	0.47227538	0.18117806	0.0	0	0
63	MALAT1_A549_NGG_0066	0.0	0.0	58.1401	0.3884411	0.17865143	0.0	0	0
64	MALAT1_A549_NGG_0013	0.0	0.0	58.33696	0.46949735	0.18200528	0.0	0	0
65	MALAT1_A549_NGG_0064	0.0	0.0	59.228	0.38405687	0.1801056	0.0	0	0
66	MALAT1_A549_NGG_0063	0.0	0.0	59.71496	0.38225467	0.18071067	0.0	1	0
67	MALAT1_A549_NGG_0011	0.0	0.0	59.71648	0.46620637	0.18328038	0.0	0	0
68	MALAT1_A549_NGG_0014	0.0	0.0	59.89746	0.46435462	0.18388485	0.0	0	0
69	MALAT1_A549_NGG_0065	0.0	0.0	60.91494	0.37787417	0.18217697	0.0	1	0
70	MALAT1_A549_NGG_0012	0.0	0.0	61.25476	0.46048014	0.18531501	0.0	0	0
71	MALAT1_A549_NGG_0039	0.0	0.0	61.6613	0.33738735	0.15435332	0.0	0	0
72	MALAT1_A549_NGG_0073	0.0	0.0	64.0134	0.33693126	0.18045749	0.0	1	0
73	MALAT1_A549_NGG_0037	0.0	0.0	64.34938	0.32429721	0.15461735	0.0	0	0
74	MALAT1_A549_NGG_0038	0.0	0.0	65.82598	0.31651011	0.15762367	0.0	0	0
75	MALAT1_A549_NGG_0080	0.0	0.0	66.35502	0.31743919	0.16260261	0.0	0	0
76	MALAT1_A549_NGG_0081	0.0	0.0	69.11866	0.29907331	0.15531292	0.0	0	0
77	MALAT1_A549_NGG_0084	0.0	0.0	71.33706	0.28048447	0.15246772	0.0	0	0
78	MALAT1_A549_NGG_0029	0.0	0.0	71.76236	0.27820849	0.13275666	0.0	0	0
79	MALAT1_A549_NGG_0035	0.0	0.0	73.54848	0.27415381	0.15564352	0.0	0	0
80	MALAT1_A549_NGG_0082	0.0	0.0	73.63238	0.27465016	0.1567976	0.0	0	0
81	MALAT1_A549_NGG_0031	0.0	0.0	75.90426	0.25765963	0.14020129	0.0	0	0
82	MALAT1_A549_NGG_0020	0.0	0.0	76.46192	0.25486626	0.13121573	0.0	0	0
83	MALAT1_A549_NGG_0026	0.0	0.0	76.52438	0.25612793	0.13475755	0.0	0	0
84	MALAT1_A549_NGG_0033	0.0	0.0	76.86826	0.25306268	0.14427448	0.0	0	0
85	MALAT1_A549_NGG_0032	0.0	0.0	79.05898	0.24472425	0.14351639	0.0	1	0
86	MALAT1_A549_NGG_0025	0.0	0.0	79.24622	0.2441323	0.13689468	0.0	0	0
