integrated_order	candidate_id	technical_tier	evidence_flag_count_0_to_7	three_profile_min_p_top5	three_profile_mean_p_top5	global_weight_p_top5	position_max_rank	sequence_max_rank	offtarget_model_max_rank	pareto_layer	one_mismatch_hits	panel_flag	robust_three_profiles_flag	robust_global_flag	position_stable_top15_flag	sequence_stable_top15_flag	offtarget_model_stable_top15_flag	pareto_front_flag	no_one_mismatch_flag
1	MALAT1_A549_NGG_0046	Tier_A_highly_robust	7	0.97996667	0.99274445	0.81684	1	1	1	1	0	1	1	1	True	True	True	1	1
2	MALAT1_A549_NGG_0047	Tier_A_highly_robust	6	0.91936667	0.96902222	0.74078	2	2	3	2	0	1	1	1	True	True	True	0	1
3	MALAT1_A549_NGG_0048	Tier_A_highly_robust	6	0.60073333	0.8067	0.5187	5	4	4	3	0	1	1	1	True	True	True	0	1
4	MALAT1_A549_NGG_0045	Tier_C_context_dependent	4	0.57246667	0.77181111	0.46874	4	5	29	3	0	1	1	0	True	True	False	0	1
5	MALAT1_A549_NGG_0076	Tier_D_low_priority	2	0.07466667	0.52715556	0.4887	25	16	24	1	0	1	0	0	False	False	False	1	1
6	MALAT1_A549_NGG_0015	Tier_D_low_priority	2	0.0	0.04306667	0.23932	35	37	40	1	0	0	0	0	False	False	False	1	1
7	MALAT1_A549_NGG_0049	Tier_D_low_priority	2	0.00606667	0.0386	0.06728	19	73	14	3	0	0	0	0	False	False	True	0	1
8	MALAT1_A549_NGG_0001	Tier_D_low_priority	2	0.0	0.00363333	0.07582	42	49	40	1	0	0	0	0	False	False	False	1	1
9	MALAT1_A549_NGG_0002	Tier_D_low_priority	2	0.0	0.0005	0.05028	47	53	41	1	0	0	0	0	False	False	False	1	1
10	MALAT1_A549_NGG_0003	Tier_D_low_priority	2	0.0	0.00021111	0.04196	52	54	50	1	0	0	0	0	False	False	False	1	1
11	MALAT1_A549_NGG_0004	Tier_D_low_priority	2	0.0	0.00012222	0.03708	55	59	54	1	0	0	0	0	False	False	False	1	1
12	MALAT1_A549_NGG_0005	Tier_D_low_priority	2	0.0	3.333e-05	0.03434	53	58	60	1	0	0	0	0	False	False	False	1	1
13	MALAT1_A549_NGG_0053	Tier_D_low_priority	1	0.06286667	0.30725556	0.2478	24	27	26	4	0	0	0	0	False	False	False	0	1
14	MALAT1_A549_NGG_0071	Tier_D_low_priority	1	0.0167	0.23871111	0.29804	20	22	21	3	0	1	0	0	False	False	False	0	1
15	MALAT1_A549_NGG_0052	Tier_D_low_priority	1	0.0302	0.18225555	0.16356	26	29	30	5	0	0	0	0	False	False	False	0	1
16	MALAT1_A549_NGG_0079	Tier_D_low_priority	1	6.667e-05	0.02795556	0.07992	38	32	29	7	0	0	0	0	False	False	False	0	1
17	MALAT1_A549_NGG_0085	Tier_D_low_priority	1	0.0	0.02667778	0.1362	44	51	48	2	0	0	0	0	False	False	False	0	1
18	MALAT1_A549_NGG_0074	Tier_D_low_priority	1	0.0001	0.02131111	0.07066	36	31	25	7	0	0	0	0	False	False	False	0	1
19	MALAT1_A549_NGG_0042	Tier_D_low_priority	1	0.00043333	0.01524444	0.11308	20	24	17	3	0	0	0	0	False	False	False	0	1
20	MALAT1_A549_NGG_0051	Tier_D_low_priority	1	0.0009	0.00835556	0.01014	35	42	40	6	0	0	0	0	False	False	False	0	1
21	MALAT1_A549_NGG_0086	Tier_D_low_priority	1	0.0	0.0078	0.07214	49	55	47	4	0	0	0	0	False	False	False	0	1
22	MALAT1_A549_NGG_0055	Tier_D_low_priority	1	0.0004	0.00454445	0.00596	37	45	34	7	0	0	0	0	False	False	False	0	1
23	MALAT1_A549_NGG_0050	Tier_D_low_priority	1	3.333e-05	0.00238889	0.01374	62	74	49	4	0	0	0	0	False	False	False	0	1
24	MALAT1_A549_NGG_0043	Tier_D_low_priority	1	3.333e-05	0.00088889	0.01804	21	26	22	4	0	0	0	0	False	False	False	0	1
25	MALAT1_A549_NGG_0067	Tier_D_low_priority	1	0.0	0.00077778	0.05846	34	33	33	4	0	0	0	0	False	False	False	0	1
26	MALAT1_A549_NGG_0054	Tier_D_low_priority	1	0.0	0.0007	0.00112	44	53	38	8	0	0	0	0	False	False	False	0	1
27	MALAT1_A549_NGG_0041	Tier_D_low_priority	1	0.0	0.00034445	0.00922	23	27	22	5	0	0	0	0	False	False	False	0	1
28	MALAT1_A549_NGG_0040	Tier_D_low_priority	1	0.0	0.00034444	0.00724	25	28	25	6	0	0	0	0	False	False	False	0	1
29	MALAT1_A549_NGG_0056	Tier_D_low_priority	1	0.0	0.00027778	0.00044	46	55	44	9	0	0	0	0	False	False	False	0	1
30	MALAT1_A549_NGG_0077	Tier_D_low_priority	1	0.0	0.00024444	0.00446	47	43	31	8	0	0	0	0	False	False	False	0	1
31	MALAT1_A549_NGG_0068	Tier_D_low_priority	1	0.0	0.00012222	0.04126	37	39	42	5	0	0	0	0	False	False	False	0	1
32	MALAT1_A549_NGG_0078	Tier_D_low_priority	1	0.0	5.555e-05	0.00112	49	50	35	9	0	0	0	0	False	False	False	0	1
33	MALAT1_A549_NGG_0072	Tier_D_low_priority	1	0.0	4.445e-05	0.03694	41	42	45	6	0	0	0	0	False	False	False	0	1
34	MALAT1_A549_NGG_0060	Tier_D_low_priority	1	0.0	4.444e-05	0.00018	48	62	52	11	0	0	0	0	False	False	False	0	1
35	MALAT1_A549_NGG_0058	Tier_D_low_priority	1	0.0	3.333e-05	0.00012	47	61	54	10	0	0	0	0	False	False	False	0	1
36	MALAT1_A549_NGG_0028	Tier_D_low_priority	1	0.0	1.111e-05	0.00788	64	64	63	2	0	0	0	0	False	False	False	0	1
37	MALAT1_A549_NGG_0057	Tier_D_low_priority	1	0.0	1.111e-05	8e-05	49	65	55	12	0	0	0	0	False	False	False	0	1
38	MALAT1_A549_NGG_0069	Tier_D_low_priority	1	0.0	0.0	0.02014	45	52	60	7	0	0	0	0	False	False	False	0	1
39	MALAT1_A549_NGG_0034	Tier_D_low_priority	1	0.0	0.0	0.0007	39	36	27	8	0	0	0	0	False	False	False	0	1
40	MALAT1_A549_NGG_0044	Tier_D_low_priority	1	0.0	0.0	0.0006	30	29	31	4	0	0	0	0	False	False	False	0	1
41	MALAT1_A549_NGG_0007	Tier_D_low_priority	1	0.0	0.0	0.00018	60	71	52	9	0	0	0	0	False	False	False	0	1
42	MALAT1_A549_NGG_0083	Tier_D_low_priority	1	0.0	0.0	0.00018	77	85	85	10	0	0	0	0	False	False	False	0	1
43	MALAT1_A549_NGG_0017	Tier_D_low_priority	1	0.0	0.0	4e-05	54	61	47	9	0	0	0	0	False	False	False	0	1
44	MALAT1_A549_NGG_0010	Tier_D_low_priority	1	0.0	0.0	2e-05	64	75	55	10	0	0	0	0	False	False	False	0	1
45	MALAT1_A549_NGG_0027	Tier_D_low_priority	1	0.0	0.0	2e-05	74	77	68	9	0	0	0	0	False	False	False	0	1
46	MALAT1_A549_NGG_0075	Tier_D_low_priority	1	0.0	0.0	2e-05	58	55	58	8	0	0	0	0	False	False	False	0	1
47	MALAT1_A549_NGG_0006	Tier_D_low_priority	1	0.0	0.0	0.0	72	83	69	14	0	0	0	0	False	False	False	0	1
48	MALAT1_A549_NGG_0008	Tier_D_low_priority	1	0.0	0.0	0.0	69	79	67	12	0	0	0	0	False	False	False	0	1
49	MALAT1_A549_NGG_0009	Tier_D_low_priority	1	0.0	0.0	0.0	70	81	66	13	0	0	0	0	False	False	False	0	1
50	MALAT1_A549_NGG_0011	Tier_D_low_priority	1	0.0	0.0	0.0	76	85	72	14	0	0	0	0	False	False	False	0	1
51	MALAT1_A549_NGG_0012	Tier_D_low_priority	1	0.0	0.0	0.0	78	86	79	14	0	0	0	0	False	False	False	0	1
52	MALAT1_A549_NGG_0013	Tier_D_low_priority	1	0.0	0.0	0.0	71	83	73	13	0	0	0	0	False	False	False	0	1
53	MALAT1_A549_NGG_0014	Tier_D_low_priority	1	0.0	0.0	0.0	73	85	75	13	0	0	0	0	False	False	False	0	1
54	MALAT1_A549_NGG_0016	Tier_D_low_priority	1	0.0	0.0	0.0	62	72	53	10	0	0	0	0	False	False	False	0	1
55	MALAT1_A549_NGG_0018	Tier_D_low_priority	1	0.0	0.0	0.0	70	80	72	13	0	0	0	0	False	False	False	0	1
56	MALAT1_A549_NGG_0020	Tier_D_low_priority	1	0.0	0.0	0.0	85	85	78	13	0	0	0	0	False	False	False	0	1
57	MALAT1_A549_NGG_0021	Tier_D_low_priority	1	0.0	0.0	0.0	63	70	57	12	0	0	0	0	False	False	False	0	1
58	MALAT1_A549_NGG_0022	Tier_D_low_priority	1	0.0	0.0	0.0	60	66	64	11	0	0	0	0	False	False	False	0	1
59	MALAT1_A549_NGG_0023	Tier_D_low_priority	1	0.0	0.0	0.0	59	65	60	10	0	0	0	0	False	False	False	0	1
60	MALAT1_A549_NGG_0024	Tier_D_low_priority	1	0.0	0.0	0.0	57	59	58	9	0	0	0	0	False	False	False	0	1
61	MALAT1_A549_NGG_0025	Tier_D_low_priority	1	0.0	0.0	0.0	86	85	85	12	0	0	0	0	False	False	False	0	1
62	MALAT1_A549_NGG_0026	Tier_D_low_priority	1	0.0	0.0	0.0	84	82	80	11	0	0	0	0	False	False	False	0	1
63	MALAT1_A549_NGG_0029	Tier_D_low_priority	1	0.0	0.0	0.0	79	80	70	9	0	0	0	0	False	False	False	0	1
64	MALAT1_A549_NGG_0030	Tier_D_low_priority	1	0.0	0.0	0.0	62	65	59	10	0	0	0	0	False	False	False	0	1
65	MALAT1_A549_NGG_0031	Tier_D_low_priority	1	0.0	0.0	0.0	83	83	82	10	0	0	0	0	False	False	False	0	1
66	MALAT1_A549_NGG_0033	Tier_D_low_priority	1	0.0	0.0	0.0	85	79	83	11	0	0	0	0	False	False	False	0	1
67	MALAT1_A549_NGG_0035	Tier_D_low_priority	1	0.0	0.0	0.0	76	81	81	9	0	0	0	0	False	False	False	0	1
68	MALAT1_A549_NGG_0036	Tier_D_low_priority	1	0.0	0.0	0.0	62	69	49	7	0	0	0	0	False	False	False	0	1
69	MALAT1_A549_NGG_0037	Tier_D_low_priority	1	0.0	0.0	0.0	70	70	68	8	0	0	0	0	False	False	False	0	1
70	MALAT1_A549_NGG_0038	Tier_D_low_priority	1	0.0	0.0	0.0	72	77	68	8	0	0	0	0	False	False	False	0	1
71	MALAT1_A549_NGG_0039	Tier_D_low_priority	1	0.0	0.0	0.0	68	76	57	7	0	0	0	0	False	False	False	0	1
72	MALAT1_A549_NGG_0059	Tier_D_low_priority	1	0.0	0.0	0.0	57	73	60	14	0	0	0	0	False	False	False	0	1
73	MALAT1_A549_NGG_0061	Tier_D_low_priority	1	0.0	0.0	0.0	53	72	59	13	0	0	0	0	False	False	False	0	1
74	MALAT1_A549_NGG_0062	Tier_D_low_priority	1	0.0	0.0	0.0	82	81	85	15	0	0	0	0	False	False	False	0	1
75	MALAT1_A549_NGG_0064	Tier_D_low_priority	1	0.0	0.0	0.0	84	84	84	17	0	0	0	0	False	False	False	0	1
76	MALAT1_A549_NGG_0066	Tier_D_low_priority	1	0.0	0.0	0.0	83	85	81	16	0	0	0	0	False	False	False	0	1
77	MALAT1_A549_NGG_0080	Tier_D_low_priority	1	0.0	0.0	0.0	82	82	80	10	0	0	0	0	False	False	False	0	1
78	MALAT1_A549_NGG_0081	Tier_D_low_priority	1	0.0	0.0	0.0	84	83	85	11	0	0	0	0	False	False	False	0	1
79	MALAT1_A549_NGG_0082	Tier_D_low_priority	1	0.0	0.0	0.0	86	85	86	13	0	0	0	0	False	False	False	0	1
80	MALAT1_A549_NGG_0084	Tier_D_low_priority	1	0.0	0.0	0.0	86	86	81	12	0	0	0	0	False	False	False	0	1
81	MALAT1_A549_NGG_0070	Tier_D_low_priority	0	0.0	0.0	0.00046	72	80	73	6	1	0	0	0	False	False	False	0	0
82	MALAT1_A549_NGG_0019	Tier_D_low_priority	0	0.0	0.0	0.0	72	79	73	13	1	0	0	0	False	False	False	0	0
83	MALAT1_A549_NGG_0032	Tier_D_low_priority	0	0.0	0.0	0.0	86	86	86	12	1	0	0	0	False	False	False	0	0
84	MALAT1_A549_NGG_0063	Tier_D_low_priority	0	0.0	0.0	0.0	86	85	85	18	1	0	0	0	False	False	False	0	0
85	MALAT1_A549_NGG_0065	Tier_D_low_priority	0	0.0	0.0	0.0	86	86	86	19	1	0	0	0	False	False	False	0	0
86	MALAT1_A549_NGG_0073	Tier_D_low_priority	0	0.0	0.0	0.0	79	81	78	7	1	0	0	0	False	False	False	0	0
