offtarget_model	profile	spearman_vs_Jost_same_profile	top10_jaccard_vs_Jost_same_profile	top_5_candidates
Jost_CRISPRi_percentile	balanced	1.0	1.0	MALAT1_A549_NGG_0046;MALAT1_A549_NGG_0047;MALAT1_A549_NGG_0048;MALAT1_A549_NGG_0045;MALAT1_A549_NGG_0071
Jost_CRISPRi_percentile	efficacy_focused	1.0	1.0	MALAT1_A549_NGG_0046;MALAT1_A549_NGG_0047;MALAT1_A549_NGG_0048;MALAT1_A549_NGG_0045;MALAT1_A549_NGG_0049
Jost_CRISPRi_percentile	safety_focused	1.0	1.0	MALAT1_A549_NGG_0046;MALAT1_A549_NGG_0047;MALAT1_A549_NGG_0045;MALAT1_A549_NGG_0048;MALAT1_A549_NGG_0001
Hsu2013_percentile	balanced	0.981509	0.666667	MALAT1_A549_NGG_0046;MALAT1_A549_NGG_0048;MALAT1_A549_NGG_0047;MALAT1_A549_NGG_0045;MALAT1_A549_NGG_0049
Hsu2013_percentile	efficacy_focused	0.981584	0.818182	MALAT1_A549_NGG_0046;MALAT1_A549_NGG_0048;MALAT1_A549_NGG_0047;MALAT1_A549_NGG_0045;MALAT1_A549_NGG_0049
Hsu2013_percentile	safety_focused	0.974018	0.666667	MALAT1_A549_NGG_0046;MALAT1_A549_NGG_0048;MALAT1_A549_NGG_0047;MALAT1_A549_NGG_0045;MALAT1_A549_NGG_0002
Doench_CFD_percentile	balanced	0.970942	0.428571	MALAT1_A549_NGG_0046;MALAT1_A549_NGG_0048;MALAT1_A549_NGG_0047;MALAT1_A549_NGG_0049;MALAT1_A549_NGG_0052
Doench_CFD_percentile	efficacy_focused	0.97147	0.818182	MALAT1_A549_NGG_0046;MALAT1_A549_NGG_0048;MALAT1_A549_NGG_0047;MALAT1_A549_NGG_0049;MALAT1_A549_NGG_0052
Doench_CFD_percentile	safety_focused	0.947733	0.428571	MALAT1_A549_NGG_0046;MALAT1_A549_NGG_0048;MALAT1_A549_NGG_0047;MALAT1_A549_NGG_0001;MALAT1_A549_NGG_0002
three_model_mean_percentile	balanced	0.992302	0.666667	MALAT1_A549_NGG_0046;MALAT1_A549_NGG_0048;MALAT1_A549_NGG_0047;MALAT1_A549_NGG_0045;MALAT1_A549_NGG_0049
three_model_mean_percentile	efficacy_focused	0.988433	1.0	MALAT1_A549_NGG_0046;MALAT1_A549_NGG_0048;MALAT1_A549_NGG_0047;MALAT1_A549_NGG_0045;MALAT1_A549_NGG_0049
three_model_mean_percentile	safety_focused	0.983697	0.818182	MALAT1_A549_NGG_0046;MALAT1_A549_NGG_0048;MALAT1_A549_NGG_0047;MALAT1_A549_NGG_0001;MALAT1_A549_NGG_0002
