profile	candidate_id	p_rank_1	p_top_5	mean_rank	median_rank	mean_utility	utility_sd	strict_no_1mm_p_rank_1	strict_no_1mm_p_top_5	strict_no_1mm_mean_rank	one_mismatch_hits	two_mismatch_hits	sequence_feasibility_pass
balanced	MALAT1_A549_NGG_0001	0.0	0.00033333	34.788233	36	0.54044607	0.05832029	0.0	0.00033333	34.336967	0	1	1
balanced	MALAT1_A549_NGG_0002	0.0	3.333e-05	39.564933	40	0.51827793	0.059228	0.0	3.333e-05	38.9193	0	0	1
balanced	MALAT1_A549_NGG_0003	0.0	0.0	41.433367	41	0.51021273	0.05968185	0.0	0.0	40.701867	0	2	1
balanced	MALAT1_A549_NGG_0004	0.0	0.0	42.8979	42	0.50409516	0.06018708	0.0	0.0	42.0941	0	1	1
balanced	MALAT1_A549_NGG_0005	0.0	0.0	43.479667	43	0.50144171	0.05953348	0.0	0.0	42.670667	0	4	1
balanced	MALAT1_A549_NGG_0006	0.0	0.0	64.264867	64	0.41219879	0.05283099	0.0	0.0	61.161267	0	0	1
balanced	MALAT1_A549_NGG_0007	0.0	0.0	48.3806	48	0.47346671	0.05145759	0.0	0.0	47.0814	0	0	1
balanced	MALAT1_A549_NGG_0008	0.0	0.0	60.884133	61	0.42411804	0.05219192	0.0	0.0	58.237467	0	1	1
balanced	MALAT1_A549_NGG_0009	0.0	0.0	62.4261	62	0.41857588	0.05244342	0.0	0.0	59.5646	0	0	1
balanced	MALAT1_A549_NGG_0010	0.0	0.0	52.066933	51	0.45830482	0.05121815	0.0	0.0	50.473633	0	0	1
balanced	MALAT1_A549_NGG_0011	0.0	0.0	65.738067	66	0.40705156	0.05286385	0.0	0.0	62.429067	0	2	1
balanced	MALAT1_A549_NGG_0012	0.0	0.0	67.3783	68	0.40132816	0.05317282	0.0	0.0	63.8615	0	5	1
balanced	MALAT1_A549_NGG_0013	0.0	0.0	64.705733	65	0.41054295	0.05275055	0.0	0.0	61.518467	0	3	1
balanced	MALAT1_A549_NGG_0014	0.0	0.0	66.147533	66	0.40563952	0.05269769	0.0	0.0	62.765933	0	3	1
balanced	MALAT1_A549_NGG_0015	0.0	0.0059	24.656633	25	0.59851388	0.05220454	0.0	0.0059	24.485833	0	0	1
balanced	MALAT1_A549_NGG_0016	0.0	0.0	52.907567	52	0.45461884	0.05030991	0.0	0.0	51.271067	0	0	1
balanced	MALAT1_A549_NGG_0017	0.0	0.0	46.612	46	0.48021984	0.04940833	0.0	0.0	45.477	0	0	1
balanced	MALAT1_A549_NGG_0018	0.0	0.0	61.689433	61	0.42064147	0.05163935	0.0	0.0	58.914367	0	0	1
balanced	MALAT1_A549_NGG_0019	0.0	0.0	61.629167	61	0.42082987	0.05171742	0.0	0.0	81.0	1	1	1
balanced	MALAT1_A549_NGG_0020	0.0	0.0	82.7774	83	0.29612198	0.04307207	0.0	0.0	77.350233	0	1	0
balanced	MALAT1_A549_NGG_0021	0.0	0.0	52.497767	52	0.4559135	0.04968192	0.0	0.0	50.924133	0	0	1
balanced	MALAT1_A549_NGG_0022	0.0	0.0	50.833167	50	0.46226295	0.04936066	0.0	0.0	49.390733	0	1	1
balanced	MALAT1_A549_NGG_0023	0.0	0.0	49.961567	50	0.46554462	0.04925627	0.0	0.0	48.591133	0	0	1
balanced	MALAT1_A549_NGG_0024	0.0	0.0	46.936133	46	0.47796499	0.04868975	0.0	0.0	45.792367	0	1	1
balanced	MALAT1_A549_NGG_0025	0.0	0.0	84.225267	85	0.28859259	0.043058	0.0	0.0	78.581433	0	4	0
balanced	MALAT1_A549_NGG_0026	0.0	0.0	82.075567	82	0.30058449	0.04303104	0.0	0.0	76.774	0	1	0
balanced	MALAT1_A549_NGG_0027	0.0	0.0	70.025133	72	0.37284626	0.04386293	0.0	0.0	65.885967	0	0	0
balanced	MALAT1_A549_NGG_0028	0.0	0.0	55.4603	56	0.43922972	0.04680754	0.0	0.0	53.218367	0	0	0
balanced	MALAT1_A549_NGG_0029	0.0	0.0	78.214433	79	0.32322008	0.04300995	0.0	0.0	73.282833	0	0	0
balanced	MALAT1_A549_NGG_0030	0.0	0.0	50.877067	50	0.46153098	0.04949108	0.0	0.0	49.442633	0	1	1
balanced	MALAT1_A549_NGG_0031	0.0	0.0	81.137733	81	0.30497391	0.04350274	0.0	0.0	76.042033	0	4	0
balanced	MALAT1_A549_NGG_0032	0.0	0.0	83.744667	84	0.29203054	0.04393213	0.0	0.0	82.0	1	7	0
balanced	MALAT1_A549_NGG_0033	0.0	0.0	81.7051	82	0.3014387	0.04407077	0.0	0.0	76.5908	0	1	0
balanced	MALAT1_A549_NGG_0034	0.0	0.0	32.362633	33	0.56190572	0.04523412	0.0	0.0	32.168433	0	0	1
balanced	MALAT1_A549_NGG_0035	0.0	0.0	77.4848	78	0.32750541	0.04644195	0.0	0.0	72.544733	0	3	0
balanced	MALAT1_A549_NGG_0036	0.0	0.0	58.448667	60	0.42504581	0.0457276	0.0	0.0	55.7722	0	1	0
balanced	MALAT1_A549_NGG_0037	0.0	0.0	68.716467	71	0.38014053	0.04680604	0.0	0.0	64.520933	0	2	0
balanced	MALAT1_A549_NGG_0038	0.0	0.0	70.218067	72	0.37317634	0.0473279	0.0	0.0	65.8396	0	0	0
balanced	MALAT1_A549_NGG_0039	0.0	0.0	65.6085	68	0.39384144	0.04681303	0.0	0.0	61.820233	0	0	0
balanced	MALAT1_A549_NGG_0040	0.0	0.0003	22.7281	23	0.60926359	0.04518745	0.0	0.0003	22.688167	0	0	1
balanced	MALAT1_A549_NGG_0041	0.0	0.00026667	21.931367	22	0.61282187	0.04496139	0.0	0.00026667	21.8949	0	0	1
balanced	MALAT1_A549_NGG_0042	0.0	0.00926667	15.418633	15	0.64651286	0.04364944	0.0	0.00926667	15.4056	0	0	1
balanced	MALAT1_A549_NGG_0043	0.0	0.00036667	20.6785	21	0.6189666	0.04474091	0.0	0.00036667	20.648433	0	0	1
balanced	MALAT1_A549_NGG_0044	0.0	0.0	30.038667	30	0.57520735	0.04728043	0.0	0.0	29.938167	0	0	1
balanced	MALAT1_A549_NGG_0045	0.0054	0.83896667	4.2343	4	0.75759305	0.04176896	0.0054	0.83896667	4.2343	0	0	1
balanced	MALAT1_A549_NGG_0046	0.7317	0.99836667	1.356	1	0.81714434	0.03650795	0.7317	0.99836667	1.356	0	0	1
balanced	MALAT1_A549_NGG_0047	0.17333333	0.9891	2.245033	2	0.79525869	0.0385493	0.17333333	0.9891	2.245033	0	1	1
balanced	MALAT1_A549_NGG_0048	0.00756667	0.8731	4.003767	4	0.7616037	0.04191189	0.00756667	0.8731	4.003767	0	0	1
balanced	MALAT1_A549_NGG_0049	0.0	0.0156	21.910033	20	0.619843	0.05120855	0.0	0.0156	21.898	0	0	0
balanced	MALAT1_A549_NGG_0050	0.0	3.333e-05	31.584667	31	0.5689933	0.05221343	0.0	3.333e-05	31.5196	0	0	0
balanced	MALAT1_A549_NGG_0051	0.0	0.00646667	12.319333	11	0.66670115	0.04969141	0.0	0.00646667	12.318	0	0	1
balanced	MALAT1_A549_NGG_0052	0.0	0.16093333	7.9368	7	0.70227208	0.04655009	0.0	0.16093333	7.9365	0	2	1
balanced	MALAT1_A549_NGG_0053	3.333e-05	0.2867	7.1527	6	0.71119396	0.04586838	3.333e-05	0.2867	7.152467	0	0	1
balanced	MALAT1_A549_NGG_0054	0.0	0.0007	15.703867	14	0.64869628	0.05124267	0.0	0.0007	15.701767	0	1	1
balanced	MALAT1_A549_NGG_0055	0.0	0.00296667	13.1613	12	0.66172572	0.05006146	0.0	0.00296667	13.159967	0	3	1
balanced	MALAT1_A549_NGG_0056	0.0	0.00023333	16.777267	15	0.64393832	0.05180015	0.0	0.00023333	16.7747	0	1	1
balanced	MALAT1_A549_NGG_0057	0.0	0.0	19.9594	18	0.6308237	0.0531859	0.0	0.0	19.955633	0	2	1
balanced	MALAT1_A549_NGG_0058	0.0	0.0	18.7314	17	0.63578192	0.05282911	0.0	0.0	18.727833	0	1	1
balanced	MALAT1_A549_NGG_0059	0.0	0.0	22.869533	21	0.61939847	0.05436998	0.0	0.0	22.863433	0	1	1
balanced	MALAT1_A549_NGG_0060	0.0	3.333e-05	19.2144	18	0.63378966	0.05285933	0.0	3.333e-05	19.210767	0	2	1
balanced	MALAT1_A549_NGG_0061	0.0	0.0	22.6011	21	0.620471	0.05430477	0.0	0.0	22.595533	0	1	1
balanced	MALAT1_A549_NGG_0062	0.0	0.0	49.582167	49	0.46563774	0.05622704	0.0	0.0	48.5884	0	7	0
balanced	MALAT1_A549_NGG_0063	0.0	0.0	52.976933	53	0.45383287	0.05705723	0.0	0.0	83.0	1	2	0
balanced	MALAT1_A549_NGG_0064	0.0	0.0	52.406933	52	0.45564075	0.05690158	0.0	0.0	50.848033	0	2	0
balanced	MALAT1_A549_NGG_0065	0.0	0.0	54.3648	55	0.44949961	0.0572962	0.0	0.0	84.0	1	5	0
balanced	MALAT1_A549_NGG_0066	0.0	0.0	51.104533	51	0.45998282	0.05674376	0.0	0.0	49.832	0	3	0
balanced	MALAT1_A549_NGG_0067	0.0	0.001	23.429467	24	0.60096476	0.05053993	0.0	0.001	23.388167	0	0	1
balanced	MALAT1_A549_NGG_0068	0.0	0.00023333	27.457867	28	0.58362878	0.05227672	0.0	0.00023333	27.390533	0	1	1
balanced	MALAT1_A549_NGG_0069	0.0	0.0	32.970633	33	0.56177191	0.05465363	0.0	0.0	32.844033	0	9	1
balanced	MALAT1_A549_NGG_0070	0.0	0.0	57.1432	58	0.43044259	0.05230244	0.0	0.0	85.0	1	0	0
balanced	MALAT1_A549_NGG_0071	0.0049	0.20783333	8.7909	8	0.69770059	0.0426634	0.0049	0.20783333	8.788967	0	0	1
balanced	MALAT1_A549_NGG_0072	0.0	6.667e-05	28.0674	29	0.58107584	0.05259468	0.0	6.667e-05	27.9952	0	1	1
balanced	MALAT1_A549_NGG_0073	0.0	0.0	63.378067	66	0.40232635	0.05356343	0.0	0.0	86.0	1	9	0
balanced	MALAT1_A549_NGG_0074	0.0	0.01143333	17.613367	18	0.63147954	0.04673842	0.0	0.01143333	17.5867	0	0	1
balanced	MALAT1_A549_NGG_0075	0.0	0.0	36.5833	37	0.54308333	0.05379471	0.0	0.0	36.3449	0	0	1
balanced	MALAT1_A549_NGG_0076	0.07706667	0.57396667	6.0172	5	0.73256944	0.04255057	0.07706667	0.57396667	6.015433	0	0	1
balanced	MALAT1_A549_NGG_0077	0.0	3.333e-05	27.958967	29	0.58114883	0.05030644	0.0	3.333e-05	27.8647	0	0	1
balanced	MALAT1_A549_NGG_0078	0.0	3.333e-05	30.676967	32	0.56947711	0.05132913	0.0	3.333e-05	30.5486	0	0	1
balanced	MALAT1_A549_NGG_0079	0.0	0.01166667	17.6846	18	0.63132221	0.04590776	0.0	0.01166667	17.6567	0	0	1
balanced	MALAT1_A549_NGG_0080	0.0	0.0	68.926667	72	0.37600503	0.05045168	0.0	0.0	64.440067	0	3	0
balanced	MALAT1_A549_NGG_0081	0.0	0.0	73.436833	75	0.35285661	0.04890059	0.0	0.0	68.6689	0	3	0
balanced	MALAT1_A549_NGG_0082	0.0	0.0	78.319033	79	0.32582629	0.0491	0.0	0.0	73.2484	0	0	0
balanced	MALAT1_A549_NGG_0083	0.0	0.0	66.185167	69	0.38866278	0.04934244	0.0	0.0	62.431967	0	1	0
balanced	MALAT1_A549_NGG_0084	0.0	0.0	78.231733	79	0.3253817	0.04962922	0.0	0.0	73.175567	0	0	0
balanced	MALAT1_A549_NGG_0085	0.0	0.00343333	28.0209	29	0.57807765	0.05326854	0.0	0.00343333	27.791667	0	0	1
balanced	MALAT1_A549_NGG_0086	0.0	0.00063333	32.1546	34	0.55791334	0.05349728	0.0	0.00063333	31.8252	0	0	1
efficacy_focused	MALAT1_A549_NGG_0001	0.0	0.0	50.3977	50	0.39531362	0.05720055	0.0	0.0	47.316633	0	1	1
efficacy_focused	MALAT1_A549_NGG_0002	0.0	0.0	55.7462	56	0.37329342	0.05721742	0.0	0.0	52.291433	0	0	1
efficacy_focused	MALAT1_A549_NGG_0003	0.0	0.0	57.9307	58	0.36534496	0.05739565	0.0	0.0	54.333433	0	2	1
efficacy_focused	MALAT1_A549_NGG_0004	0.0	0.0	59.670333	60	0.3592613	0.05751879	0.0	0.0	55.954333	0	1	1
efficacy_focused	MALAT1_A549_NGG_0005	0.0	0.0	58.532	59	0.36258611	0.05630717	0.0	0.0	54.888333	0	4	1
efficacy_focused	MALAT1_A549_NGG_0006	0.0	0.0	73.796967	74	0.307443	0.0476278	0.0	0.0	68.864867	0	0	1
efficacy_focused	MALAT1_A549_NGG_0007	0.0	0.0	56.6487	57	0.36991108	0.04786591	0.0	0.0	53.188233	0	0	1
efficacy_focused	MALAT1_A549_NGG_0008	0.0	0.0	70.0588	70	0.32036805	0.04751375	0.0	0.0	65.4425	0	1	1
efficacy_focused	MALAT1_A549_NGG_0009	0.0	0.0	71.439733	71	0.31551041	0.04729267	0.0	0.0	66.690333	0	0	1
efficacy_focused	MALAT1_A549_NGG_0010	0.0	0.0	60.494667	61	0.35525048	0.0472061	0.0	0.0	56.768367	0	0	1
efficacy_focused	MALAT1_A549_NGG_0011	0.0	0.0	74.7355	75	0.30418608	0.04744289	0.0	0.0	69.709667	0	2	1
efficacy_focused	MALAT1_A549_NGG_0012	0.0	0.0	76.010067	76	0.29973513	0.04728099	0.0	0.0	70.8903	0	5	1
efficacy_focused	MALAT1_A549_NGG_0013	0.0	0.0	73.011533	73	0.31000472	0.04711474	0.0	0.0	68.097467	0	3	1
efficacy_focused	MALAT1_A549_NGG_0014	0.0	0.0	74.525467	75	0.30488413	0.04721304	0.0	0.0	69.495833	0	3	1
efficacy_focused	MALAT1_A549_NGG_0015	0.0	0.0	34.979567	37	0.49818343	0.0521837	0.0	0.0	33.295833	0	0	1
efficacy_focused	MALAT1_A549_NGG_0016	0.0	0.0	59.027333	59	0.36050066	0.04554088	0.0	0.0	55.434267	0	0	1
efficacy_focused	MALAT1_A549_NGG_0017	0.0	0.0	52.3011	52	0.38639682	0.04569818	0.0	0.0	49.078733	0	0	1
efficacy_focused	MALAT1_A549_NGG_0018	0.0	0.0	67.661867	68	0.32805299	0.04611744	0.0	0.0	63.2705	0	0	1
efficacy_focused	MALAT1_A549_NGG_0019	0.0	0.0	67.435967	68	0.3288316	0.04617179	0.0	0.0	81.0	1	1	1
efficacy_focused	MALAT1_A549_NGG_0020	0.0	0.0	82.7739	84	0.25743252	0.03752595	0.0	0.0	77.073433	0	1	0
efficacy_focused	MALAT1_A549_NGG_0021	0.0	0.0	56.5165	57	0.36989925	0.04506848	0.0	0.0	53.0458	0	0	1
efficacy_focused	MALAT1_A549_NGG_0022	0.0	0.0	54.454067	54	0.37757619	0.04487618	0.0	0.0	51.076233	0	1	1
efficacy_focused	MALAT1_A549_NGG_0023	0.0	0.0	53.5434	53	0.38091886	0.04458277	0.0	0.0	50.209533	0	0	1
efficacy_focused	MALAT1_A549_NGG_0024	0.0	0.0	50.199033	50	0.39462782	0.04436891	0.0	0.0	47.047067	0	1	1
efficacy_focused	MALAT1_A549_NGG_0025	0.0	0.0	82.7935	84	0.25914197	0.03795609	0.0	0.0	77.0062	0	4	0
efficacy_focused	MALAT1_A549_NGG_0026	0.0	0.0	80.105533	81	0.2713926	0.03810179	0.0	0.0	74.652367	0	1	0
efficacy_focused	MALAT1_A549_NGG_0027	0.0	0.0	63.101733	64	0.34367207	0.039633	0.0	0.0	58.939733	0	0	0
efficacy_focused	MALAT1_A549_NGG_0028	0.0	0.0	48.6828	47	0.41041579	0.04334804	0.0	0.0	45.669533	0	0	0
efficacy_focused	MALAT1_A549_NGG_0029	0.0	0.0	74.1162	76	0.29595825	0.03851277	0.0	0.0	69.284533	0	0	0
efficacy_focused	MALAT1_A549_NGG_0030	0.0	0.0	52.5835	52	0.38453344	0.04514035	0.0	0.0	49.266467	0	1	1
efficacy_focused	MALAT1_A549_NGG_0031	0.0	0.0	76.8153	78	0.28386123	0.03952615	0.0	0.0	71.858067	0	4	0
efficacy_focused	MALAT1_A549_NGG_0032	0.0	0.0	80.2558	82	0.27095208	0.03981515	0.0	0.0	82.0	1	7	0
efficacy_focused	MALAT1_A549_NGG_0033	0.0	0.0	76.795433	79	0.28326128	0.04046864	0.0	0.0	71.8722	0	1	0
efficacy_focused	MALAT1_A549_NGG_0034	0.0	0.0	35.762533	36	0.4992732	0.04397567	0.0	0.0	34.160733	0	0	1
efficacy_focused	MALAT1_A549_NGG_0035	0.0	0.0	67.3912	69	0.32451834	0.04545659	0.0	0.0	62.8882	0	3	0
efficacy_focused	MALAT1_A549_NGG_0036	0.0	0.0	45.452033	44	0.4288737	0.04599066	0.0	0.0	42.778167	0	1	0
efficacy_focused	MALAT1_A549_NGG_0037	0.0	0.0	54.023267	52	0.38604389	0.04761925	0.0	0.0	50.374133	0	2	0
efficacy_focused	MALAT1_A549_NGG_0038	0.0	0.0	55.458867	54	0.37993946	0.04835578	0.0	0.0	51.670033	0	0	0
efficacy_focused	MALAT1_A549_NGG_0039	0.0	0.0	50.636767	48	0.40137977	0.04798375	0.0	0.0	47.340767	0	0	0
efficacy_focused	MALAT1_A549_NGG_0040	0.0	0.0	25.956167	26	0.56597729	0.0469146	0.0	0.0	25.121733	0	0	1
efficacy_focused	MALAT1_A549_NGG_0041	0.0	0.0	25.377533	25	0.56985387	0.04696478	0.0	0.0	24.580767	0	0	1
efficacy_focused	MALAT1_A549_NGG_0042	0.0	0.00043333	20.738133	20	0.60385618	0.04637732	0.0	0.00043333	20.2347	0	0	1
efficacy_focused	MALAT1_A549_NGG_0043	0.0	3.333e-05	24.316567	24	0.57692447	0.04704486	0.0	3.333e-05	23.589	0	0	1
efficacy_focused	MALAT1_A549_NGG_0044	0.0	0.0	31.064933	31	0.53325925	0.04923112	0.0	0.0	29.873367	0	0	1
efficacy_focused	MALAT1_A549_NGG_0045	0.00486667	0.904	3.949	4	0.78529502	0.03881805	0.00486667	0.904	3.949	0	0	1
efficacy_focused	MALAT1_A549_NGG_0046	0.78943333	0.9999	1.235533	1	0.84752329	0.03240327	0.78943333	0.9999	1.235533	0	0	1
efficacy_focused	MALAT1_A549_NGG_0047	0.1945	0.9986	2.0219	2	0.82519916	0.03526912	0.1945	0.9986	2.0219	0	1	1
efficacy_focused	MALAT1_A549_NGG_0048	0.0093	0.94626667	3.5675	3	0.79200193	0.03914964	0.0093	0.94626667	3.5675	0	0	1
efficacy_focused	MALAT1_A549_NGG_0049	0.0	0.09413333	11.259333	10	0.70118158	0.04762387	0.0	0.09413333	11.259333	0	0	0
efficacy_focused	MALAT1_A549_NGG_0050	0.0	0.00706667	15.465867	16	0.66712003	0.04928769	0.0	0.00706667	15.465767	0	0	0
efficacy_focused	MALAT1_A549_NGG_0051	0.0	0.0177	9.0213	9	0.7137005	0.04695731	0.0	0.0177	9.021267	0	0	1
efficacy_focused	MALAT1_A549_NGG_0052	0.0001	0.35563333	6.003333	6	0.74904976	0.04304627	0.0001	0.35563333	6.003333	0	2	1
efficacy_focused	MALAT1_A549_NGG_0053	0.00016667	0.5722	5.411633	5	0.75804373	0.04200101	0.00016667	0.5722	5.411633	0	0	1
efficacy_focused	MALAT1_A549_NGG_0054	0.0	0.0014	11.4195	11	0.69544211	0.04910675	0.0	0.0014	11.4194	0	1	1
efficacy_focused	MALAT1_A549_NGG_0055	0.0	0.01026667	9.631067	9	0.70846673	0.04771138	0.0	0.01026667	9.630967	0	3	1
efficacy_focused	MALAT1_A549_NGG_0056	0.0	0.0006	12.201833	12	0.69045391	0.04978584	0.0	0.0006	12.201767	0	1	1
efficacy_focused	MALAT1_A549_NGG_0057	0.0	3.333e-05	14.374933	14	0.67771077	0.0512027	0.0	3.333e-05	14.3746	0	2	1
efficacy_focused	MALAT1_A549_NGG_0058	0.0	0.0001	13.480133	13	0.68283379	0.05055307	0.0	0.0001	13.48	0	1	1
efficacy_focused	MALAT1_A549_NGG_0059	0.0	0.0	16.3493	16	0.66641254	0.05256198	0.0	0.0	16.348733	0	1	1
efficacy_focused	MALAT1_A549_NGG_0060	0.0	0.0001	13.8474	14	0.68072697	0.05079937	0.0	0.0001	13.8472	0	2	1
efficacy_focused	MALAT1_A549_NGG_0061	0.0	0.0	16.239467	16	0.66710621	0.05248472	0.0	0.0	16.239067	0	1	1
efficacy_focused	MALAT1_A549_NGG_0062	0.0	0.0	27.0987	25	0.563686	0.056328	0.0	0.0	26.7731	0	7	0
efficacy_focused	MALAT1_A549_NGG_0063	0.0	0.0	29.688967	28	0.55178137	0.05741449	0.0	0.0	83.0	1	2	0
efficacy_focused	MALAT1_A549_NGG_0064	0.0	0.0	29.196767	28	0.55384976	0.05717899	0.0	0.0	28.445067	0	2	0
efficacy_focused	MALAT1_A549_NGG_0065	0.0	0.0	30.741967	29	0.54754301	0.05779612	0.0	0.0	84.0	1	5	0
efficacy_focused	MALAT1_A549_NGG_0066	0.0	0.0	28.2175	27	0.55813722	0.05685009	0.0	0.0	27.685967	0	3	0
efficacy_focused	MALAT1_A549_NGG_0067	0.0	0.0	28.270567	29	0.5458128	0.05304826	0.0	0.0	27.239	0	0	1
efficacy_focused	MALAT1_A549_NGG_0068	0.0	0.0	31.3118	32	0.52848919	0.05437718	0.0	0.0	30.093867	0	1	1
efficacy_focused	MALAT1_A549_NGG_0069	0.0	0.0	35.494333	36	0.50678733	0.05618981	0.0	0.0	34.037967	0	9	1
efficacy_focused	MALAT1_A549_NGG_0070	0.0	0.0	46.329667	44	0.42651182	0.05350574	0.0	0.0	85.0	1	0	0
efficacy_focused	MALAT1_A549_NGG_0071	0.00013333	0.0167	16.517767	18	0.6427526	0.04760486	0.00013333	0.0167	16.2595	0	0	1
efficacy_focused	MALAT1_A549_NGG_0072	0.0	0.0	31.816267	32	0.52572204	0.05451463	0.0	0.0	30.5657	0	1	1
efficacy_focused	MALAT1_A549_NGG_0073	0.0	0.0	52.578333	50	0.39430621	0.05487106	0.0	0.0	86.0	1	9	0
efficacy_focused	MALAT1_A549_NGG_0074	0.0	0.0001	26.040767	26	0.5620954	0.05033601	0.0	0.0001	25.158433	0	0	1
efficacy_focused	MALAT1_A549_NGG_0075	0.0	0.0	39.960533	40	0.47306126	0.05522678	0.0	0.0	38.1059	0	0	1
efficacy_focused	MALAT1_A549_NGG_0076	0.0015	0.07466667	14.577967	16	0.66198476	0.04878723	0.0015	0.07466667	14.348867	0	0	1
efficacy_focused	MALAT1_A549_NGG_0077	0.0	0.0	34.2078	35	0.51029764	0.05236919	0.0	0.0	32.793933	0	0	1
efficacy_focused	MALAT1_A549_NGG_0078	0.0	0.0	36.1269	37	0.49837652	0.05287952	0.0	0.0	34.578667	0	0	1
efficacy_focused	MALAT1_A549_NGG_0079	0.0	6.667e-05	27.0558	27	0.55574011	0.04883196	0.0	6.667e-05	26.107167	0	0	1
efficacy_focused	MALAT1_A549_NGG_0080	0.0	0.0	62.205533	63	0.34767779	0.04886659	0.0	0.0	57.858367	0	3	0
efficacy_focused	MALAT1_A549_NGG_0081	0.0	0.0	71.0321	73	0.30959906	0.04496759	0.0	0.0	66.307867	0	3	0
efficacy_focused	MALAT1_A549_NGG_0082	0.0	0.0	79.006333	80	0.27504156	0.04399516	0.0	0.0	73.681233	0	0	0
efficacy_focused	MALAT1_A549_NGG_0083	0.0	0.0	67.257533	68	0.32647372	0.0448286	0.0	0.0	62.7711	0	1	0
efficacy_focused	MALAT1_A549_NGG_0084	0.0	0.0	82.088	85	0.2559397	0.04431648	0.0	0.0	76.506067	0	0	0
efficacy_focused	MALAT1_A549_NGG_0085	0.0	0.0	41.1272	41	0.45195465	0.05424027	0.0	0.0	38.8727	0	0	1
efficacy_focused	MALAT1_A549_NGG_0086	0.0	0.0	44.252967	43	0.43173111	0.05353794	0.0	0.0	41.7087	0	0	1
safety_focused	MALAT1_A549_NGG_0001	3.333e-05	0.01056667	22.4655	21	0.60156231	0.05703353	3.333e-05	0.01056667	22.441433	0	1	1
safety_focused	MALAT1_A549_NGG_0002	0.0	0.00146667	28.595367	29	0.57471761	0.05872688	0.0	0.00146667	28.543533	0	0	1
safety_focused	MALAT1_A549_NGG_0003	0.0	0.00063333	31.0602	32	0.56484076	0.05928581	0.0	0.00063333	30.995867	0	2	1
safety_focused	MALAT1_A549_NGG_0004	0.0	0.00036667	33.104367	35	0.5568039	0.05967715	0.0	0.00036667	33.0242	0	1	1
safety_focused	MALAT1_A549_NGG_0005	0.0	0.0001	35.307433	37	0.54843728	0.05984477	0.0	0.0001	35.215833	0	4	1
safety_focused	MALAT1_A549_NGG_0006	0.0	0.0	59.2429	58	0.44391384	0.05434332	0.0	0.0	57.7099	0	0	1
safety_focused	MALAT1_A549_NGG_0007	0.0	0.0	41.373767	43	0.51645993	0.05190524	0.0	0.0	41.088633	0	0	1
safety_focused	MALAT1_A549_NGG_0008	0.0	0.0	55.844533	55	0.45650602	0.0537837	0.0	0.0	54.7154	0	1	1
safety_focused	MALAT1_A549_NGG_0009	0.0	0.0	57.7472	57	0.44928059	0.0540447	0.0	0.0	56.402567	0	0	1
safety_focused	MALAT1_A549_NGG_0010	0.0	0.0	45.859167	46	0.49690462	0.05224138	0.0	0.0	45.4243	0	0	1
safety_focused	MALAT1_A549_NGG_0011	0.0	0.0	61.606833	60	0.43521529	0.05450528	0.0	0.0	59.7712	0	2	1
safety_focused	MALAT1_A549_NGG_0012	0.0	0.0	63.693267	62	0.4275122	0.05468539	0.0	0.0	61.571633	0	5	1
safety_focused	MALAT1_A549_NGG_0013	0.0	0.0	60.7725	60	0.43815401	0.05422839	0.0	0.0	59.0511	0	3	1
safety_focused	MALAT1_A549_NGG_0014	0.0	0.0	62.580633	61	0.43162393	0.05454387	0.0	0.0	60.611467	0	3	1
safety_focused	MALAT1_A549_NGG_0015	0.00086667	0.1233	12.5307	10	0.66258707	0.0502976	0.00086667	0.1233	12.523033	0	0	1
safety_focused	MALAT1_A549_NGG_0016	0.0	0.0	48.9994	49	0.48360635	0.05206066	0.0	0.0	48.451633	0	0	1
safety_focused	MALAT1_A549_NGG_0017	0.0	0.0	41.9053	43	0.51414493	0.05078896	0.0	0.0	41.637533	0	0	1
safety_focused	MALAT1_A549_NGG_0018	0.0	0.0	59.993167	59	0.44062881	0.05370588	0.0	0.0	58.4021	0	0	1
safety_focused	MALAT1_A549_NGG_0019	0.0	0.0	60.102333	59	0.44027407	0.05374888	0.0	0.0	81.0	1	1	1
safety_focused	MALAT1_A549_NGG_0020	0.0	0.0	80.2165	81	0.31998941	0.04692783	0.0	0.0	75.4353	0	1	0
safety_focused	MALAT1_A549_NGG_0021	0.0	0.0	50.667933	50	0.47662165	0.05184893	0.0	0.0	50.058367	0	0	1
safety_focused	MALAT1_A549_NGG_0022	0.0	0.0	49.1919	49	0.48267295	0.05162798	0.0	0.0	48.667967	0	1	1
safety_focused	MALAT1_A549_NGG_0023	0.0	0.0	48.341633	48	0.48626017	0.05115683	0.0	0.0	47.8646	0	0	1
safety_focused	MALAT1_A549_NGG_0024	0.0	0.0	45.049167	45	0.5003199	0.05068653	0.0	0.0	44.714767	0	1	1
safety_focused	MALAT1_A549_NGG_0025	0.0	0.0	83.594433	84	0.3009491	0.04694233	0.0	0.0	78.322767	0	4	0
safety_focused	MALAT1_A549_NGG_0026	0.0	0.0	81.0445	82	0.31516477	0.04670265	0.0	0.0	76.1668	0	1	0
safety_focused	MALAT1_A549_NGG_0027	0.0	0.0	65.280633	66	0.4018997	0.04716103	0.0	0.0	62.7112	0	0	0
safety_focused	MALAT1_A549_NGG_0028	0.0	3.333e-05	48.407667	49	0.48164308	0.04929221	0.0	3.333e-05	47.6911	0	0	0
safety_focused	MALAT1_A549_NGG_0029	0.0	0.0	76.765233	78	0.34031359	0.04679825	0.0	0.0	72.405	0	0	0
safety_focused	MALAT1_A549_NGG_0030	0.0	0.0	51.349	51	0.47368515	0.05176123	0.0	0.0	50.725467	0	1	1
safety_focused	MALAT1_A549_NGG_0031	0.0	0.0	81.594767	82	0.31176859	0.04694284	0.0	0.0	76.673067	0	4	0
safety_focused	MALAT1_A549_NGG_0032	0.0	0.0	84.587833	85	0.29613733	0.04733596	0.0	0.0	82.0	1	7	0
safety_focused	MALAT1_A549_NGG_0033	0.0	0.0	83.002233	83	0.304143	0.0472846	0.0	0.0	77.9239	0	1	0
safety_focused	MALAT1_A549_NGG_0034	0.0	0.0	28.050633	28	0.57928606	0.04697824	0.0	0.0	28.022433	0	0	1
safety_focused	MALAT1_A549_NGG_0035	0.0	0.0	80.190967	81	0.31951691	0.04850927	0.0	0.0	75.3498	0	3	0
safety_focused	MALAT1_A549_NGG_0036	0.0	0.0	59.156567	61	0.42951215	0.04771375	0.0	0.0	57.531867	0	1	0
safety_focused	MALAT1_A549_NGG_0037	0.0	0.0	70.942367	72	0.37368769	0.04828052	0.0	0.0	67.3964	0	2	0
safety_focused	MALAT1_A549_NGG_0038	0.0	0.0	72.9272	74	0.36383245	0.04888812	0.0	0.0	69.0411	0	0	0
safety_focused	MALAT1_A549_NGG_0039	0.0	0.0	67.829767	69	0.3884297	0.04839394	0.0	0.0	64.823233	0	0	0
safety_focused	MALAT1_A549_NGG_0040	0.0	0.00073333	19.815933	19	0.6157132	0.0457737	0.0	0.00073333	19.809867	0	0	1
safety_focused	MALAT1_A549_NGG_0041	0.0	0.00076667	19.157667	18	0.61877882	0.04566139	0.0	0.00076667	19.152233	0	0	1
safety_focused	MALAT1_A549_NGG_0042	3.333e-05	0.03603333	11.924467	11	0.65975801	0.04383495	3.333e-05	0.03603333	11.9231	0	0	1
safety_focused	MALAT1_A549_NGG_0043	0.0	0.00226667	17.711333	16	0.62591248	0.04546148	0.0	0.00226667	17.707233	0	0	1
safety_focused	MALAT1_A549_NGG_0044	0.0	0.0	29.615	30	0.57235639	0.04844989	0.0	0.0	29.5886	0	0	1
safety_focused	MALAT1_A549_NGG_0045	0.00333333	0.57246667	5.919433	5	0.71886653	0.04502911	0.00333333	0.57246667	5.919267	0	0	1
safety_focused	MALAT1_A549_NGG_0046	0.50583333	0.97996667	1.854933	1	0.78827199	0.04013188	0.50583333	0.97996667	1.854933	0	0	1
safety_focused	MALAT1_A549_NGG_0047	0.1095	0.91936667	3.1157	3	0.76144718	0.04219602	0.1095	0.91936667	3.1157	0	1	1
safety_focused	MALAT1_A549_NGG_0048	0.00403333	0.60073333	5.750933	5	0.72122921	0.04549352	0.00403333	0.60073333	5.7509	0	0	1
safety_focused	MALAT1_A549_NGG_0049	0.0	0.00606667	27.8049	27	0.58182919	0.05246642	0.0	0.00606667	27.7571	0	0	0
safety_focused	MALAT1_A549_NGG_0050	0.0	6.667e-05	40.640633	42	0.52306719	0.05270244	0.0	6.667e-05	40.3968	0	0	0
safety_focused	MALAT1_A549_NGG_0051	0.0	0.0009	20.8055	20	0.60910273	0.05194928	0.0	0.0009	20.7961	0	0	1
safety_focused	MALAT1_A549_NGG_0052	0.0	0.0302	13.2889	12	0.65169443	0.04909069	0.0	0.0302	13.287	0	2	1
safety_focused	MALAT1_A549_NGG_0053	0.0	0.06286667	11.787067	10	0.66234454	0.04839649	0.0	0.06286667	11.786	0	0	1
safety_focused	MALAT1_A549_NGG_0054	0.0	0.0	26.071233	26	0.58674913	0.05333555	0.0	0.0	26.049767	0	1	1
safety_focused	MALAT1_A549_NGG_0055	0.0	0.0004	22.192033	21	0.60271452	0.05199457	0.0	0.0004	22.181233	0	3	1
safety_focused	MALAT1_A549_NGG_0056	0.0	0.0	27.521967	27	0.58120339	0.05382682	0.0	0.0	27.497167	0	1	1
safety_focused	MALAT1_A549_NGG_0057	0.0	0.0	31.786933	32	0.56577477	0.05466867	0.0	0.0	31.742633	0	2	1
safety_focused	MALAT1_A549_NGG_0058	0.0	0.0	30.1403	30	0.57168485	0.05435548	0.0	0.0	30.1056	0	1	1
safety_focused	MALAT1_A549_NGG_0059	0.0	0.0	35.6094	36	0.55225939	0.05586559	0.0	0.0	35.541533	0	1	1
safety_focused	MALAT1_A549_NGG_0060	0.0	0.0	30.892167	31	0.56896789	0.05448783	0.0	0.0	30.8544	0	2	1
safety_focused	MALAT1_A549_NGG_0061	0.0	0.0	35.396533	36	0.55308692	0.05555293	0.0	0.0	35.331733	0	1	1
safety_focused	MALAT1_A549_NGG_0062	0.0	0.0	64.688767	67	0.39834968	0.05523394	0.0	0.0	62.484633	0	7	0
safety_focused	MALAT1_A549_NGG_0063	0.0	0.0	68.5025	70	0.38413835	0.05561728	0.0	0.0	83.0	1	2	0
safety_focused	MALAT1_A549_NGG_0064	0.0	0.0	67.834633	70	0.3864758	0.05547478	0.0	0.0	64.970333	0	2	0
safety_focused	MALAT1_A549_NGG_0065	0.0	0.0	70.0001	72	0.37897979	0.05585032	0.0	0.0	84.0	1	5	0
safety_focused	MALAT1_A549_NGG_0066	0.0	0.0	66.354567	68	0.39180062	0.0552208	0.0	0.0	63.822467	0	3	0
safety_focused	MALAT1_A549_NGG_0067	0.0	0.00133333	22.8243	23	0.59816226	0.05109316	0.0	0.00133333	22.822067	0	0	1
safety_focused	MALAT1_A549_NGG_0068	0.0	0.00013333	28.288633	28	0.57734719	0.05298098	0.0	0.00013333	28.281633	0	1	1
safety_focused	MALAT1_A549_NGG_0069	0.0	0.0	35.833433	36	0.55118253	0.05528097	0.0	0.0	35.809333	0	9	1
safety_focused	MALAT1_A549_NGG_0070	0.0	0.0	59.404033	62	0.42448028	0.053333	0.0	0.0	85.0	1	0	0
safety_focused	MALAT1_A549_NGG_0071	0.00716667	0.4916	5.851833	6	0.71453815	0.0419405	0.00716667	0.4916	5.851833	0	0	1
safety_focused	MALAT1_A549_NGG_0072	0.0	6.667e-05	29.1151	29	0.57432912	0.05323385	0.0	6.667e-05	29.107167	0	1	1
safety_focused	MALAT1_A549_NGG_0073	0.0	0.0	65.826067	68	0.3954789	0.05420898	0.0	0.0	86.0	1	9	0
safety_focused	MALAT1_A549_NGG_0074	0.0	0.0524	12.934233	12	0.65068773	0.04612321	0.0	0.0524	12.933867	0	0	1
safety_focused	MALAT1_A549_NGG_0075	0.0	0.0	37.3774	38	0.54461861	0.05442479	0.0	0.0	37.3379	0	0	1
safety_focused	MALAT1_A549_NGG_0076	0.36913333	0.93283333	2.639067	2	0.77280013	0.03937424	0.36913333	0.93283333	2.639	0	0	1
safety_focused	MALAT1_A549_NGG_0077	0.0	0.0007	24.7724	25	0.59121865	0.05051577	0.0	0.0007	24.767	0	0	1
safety_focused	MALAT1_A549_NGG_0078	0.0	0.00013333	28.285033	29	0.57774954	0.05158762	0.0	0.00013333	28.274467	0	0	1
safety_focused	MALAT1_A549_NGG_0079	0.0	0.07213333	12.127633	11	0.656422	0.04569275	0.0	0.07213333	12.127433	0	0	1
safety_focused	MALAT1_A549_NGG_0080	0.0	0.0	68.2877	70	0.38523965	0.05229887	0.0	0.0	64.808767	0	3	0
safety_focused	MALAT1_A549_NGG_0081	0.0	0.0	71.013567	72	0.37303412	0.05181883	0.0	0.0	67.1961	0	3	0
safety_focused	MALAT1_A549_NGG_0082	0.0	0.0	76.0672	77	0.34879105	0.05233278	0.0	0.0	71.6439	0	0	0
safety_focused	MALAT1_A549_NGG_0083	0.0	0.0	57.683	60	0.4362775	0.05172483	0.0	0.0	56.1675	0	1	0
safety_focused	MALAT1_A549_NGG_0084	0.0	0.0	71.8989	73	0.36808772	0.05281557	0.0	0.0	68.1069	0	0	0
safety_focused	MALAT1_A549_NGG_0085	6.667e-05	0.0766	14.664967	13	0.64554264	0.05119703	6.667e-05	0.0766	14.658233	0	0	1
safety_focused	MALAT1_A549_NGG_0086	0.0	0.02276667	18.946467	17	0.62216413	0.05182223	0.0	0.02276667	18.934067	0	0	1
