relative_path	size_bytes	sha256
.github/workflows/reproducibility.yml	1049	44f35ca7ca2bbbcd5135ee47197f646cd0a2507af05fefc917dc639a216c6668
.gitignore	173	fb1bc2237968ac9c9de6b478cc6ba3d10bc882e557f8670c72ba2b9effd1ced2
CHANGELOG.md	501	bbb68526365310c536f6f5ea602cd3fc1f2e5543b7225409bd7e9223726e7d1d
CITATION.cff	457	129d07f4ea695f3873eeb5a1e439b9b41d4ef636726ab83201a4bf80df210cc9
LICENSE	1075	5ec7d2826acff86a4579ec86ed81f5b3d10912b0d0346d429f19f9b240627226
README.md	5432	120b2d1fabfee7c65fa1f6dca8cfe682db4ae27610ec08a5eb21722c5eeb6769
clean_run.ps1	1431	60535c0099ccb872bb45d6f9892dce4d86ada4afabeb8bce9ad81b6e75cd7a6a
clean_run.sh	327	1c30d78011f8f3507c49c3869757c5989cb6f06d003d3a1fc8246baae8256e94
docs/AI_ASSISTANCE_DISCLOSURE_TEMPLATE.md	772	41ea2eac0f296cf1e353a47817040d72b8b1d2c57eb9f7b828f9f126aeb36864
docs/CLEAN_RUN_COMPLETION_STATUS.md	835	84f6e2e318c72d9b0ed18a117d57ac2c39d0c85ad3821e873779b2c50887e8fb
docs/GITHUB_UPLOAD_STEPS_TR.md	1101	0da7b949a56055589077022d72420b3bbb75536cf45b0db1589a68f3ecea13b2
docs/PROJECT_SCOPE_AND_CLAIM_GUARD.md	1104	7a37903ae4ac9f24364896a60a3dfaca54f473dc933f72de07829e186222477c
docs/REPOSITORY_PACKAGE_VALIDATION.md	661	178b0e2f90bedf0c712aff3d5e4abdc15b554d25ea0754975bff1d07ffc2a6d6
docs/REPRODUCIBILITY_PROTOCOL.md	947	7a5d7c1c26164e9298658d1b13d77a9410715a6490180af5291fc12ee2fa90cc
docs/SMAA_METHODS_MATHEMATICAL.md	2690	36a918afb5d8af6d13eca50c8a00770c3b1273c795a04ca433eab08609996254
docs/WINDOWS_LOCAL_CLEAN_RUN_STEPS.md	679	6c0eb3fa95c16916c711fe5f4475004fa106cefaa2778bfe4e0d9a7e1fb48f01
environment.yml	145	705dabe04cc15b74d3b9246d65c2038f00255cad6a42116f936f5509a95ee323
generated/extended/docs/CLAUDE_HANDOFF_README.md	2116	0b30a6b329ff0174d26ec853e20be0373d12f3a6e58c2f867163686588c65568
generated/extended/docs/CLAUDE_WRITING_PROMPT.txt	858	9a5cd361d3d3087d013236afeb7ff6d339d7355d4b4bf649beb98831f1596e19
generated/extended/docs/TECHNICAL_COMPLETION_REPORT.md	2731	f146bccec34e280dcd69590552e1244a2d684b0a33d9e589c8c5d3787b5639c8
generated/extended/docs/mds_fit_summary.json	282	640c259a900e9e9be9975c2aa9591f33bec60b036df7eec61f3764077ae3c99e
generated/extended/docs/technical_completion_manifest.json	1709	1bccf51e60be095d8efd0dbd764552b913cf1a13ce6ebf7de942481dd71972cd
generated/extended/figures/Figure_10_pareto_efficacy_local_safety.png	202515	38d9629ea48363df0bf6881cad2325090b084295394d579aece3d4b0754a71be
generated/extended/figures/Figure_11_mds_criterion_space.png	207787	9da5e77518b7447a5f1c9d557489227b983997b5563df6c8909dee72fdb0b326
generated/extended/figures/Figure_12_uncertainty_source_rank_impact.png	174869	d69818e47add40523aa94aab93c3ba53b6819a05bc9e07fbe4b14f7c5e61b281
generated/extended/figures/Figure_13_monte_carlo_convergence.png	151403	017fbc93244d75c9c2005bfd96259c902f7cab262c4c8d613a1629bad2d26753
generated/extended/figures/Figure_14_historical_guide_tss_distance.png	193614	5bad39dbd5e2bf5cee801eb508763fb235e13cdf9432fe37f0dfaf8e3c3f9f60
generated/extended/figures/Figure_7_position_model_rank_ranges.png	140531	b4da70e9a989936015dab5ffa042366d4b064e0236ef64d6aeb0f53b56fa7505
generated/extended/figures/Figure_8_sequence_qc_rank_ranges.png	146548	a9212b66c92e4b76f5411d9b8cb31d96681dc7079813e553c3d8fda8e9c52a5d
generated/extended/figures/Figure_9_global_weight_smaa_top10.png	123723	43ed3aa533c3e294fc02542f79448ed09d87878d3562bcc084cd7debacc1bedc
generated/extended/tables/DATA_DICTIONARY.tsv	1625	2a667ce02991efbf86c6e504913d38e7051e9180fd4c15c7c6a83e14c2dd1d67
generated/extended/tables/global_top10_pairwise_win_probabilities.tsv	1204	e88a582167250ff1d682caeaa8f4beeb7d23f52cc5db99444ef8a77987cbf9cf
generated/extended/tables/global_weight_smaa_summary.tsv	6695	24a17ae9f43b9f8c7e080e4b06547b41c1c791449259517711d4dedbff936093
generated/extended/tables/historical_locus_context_comparison.tsv	4967	d31c431f3c2d7e5bc6d46f3009efdae0448c29a354993c216f674e9447e3b6ff
generated/extended/tables/historical_locus_context_summary.tsv	305	3964226135b596c83dbd2a73729c1cf2f06440ca1a6f02bae81766c0ea3a5c5c
generated/extended/tables/integrated_candidate_technical_status.tsv	9526	03594b92c181a78984dd6ffe9bf62f476d0f6a446007834037c44de1fc681db4
generated/extended/tables/leave_one_domain_out.tsv	25210	96bcc63c371f8c7dbabbd9320ec412ebb520acff5e0cb3b7306e4a007e3ce77a
generated/extended/tables/leave_one_domain_out_summary.tsv	778	9f239565032c5bf734851a6ff9a677ceecc6484c7442a2786b00ef6001ebf38f
generated/extended/tables/mds_coordinates.tsv	5212	d4d1f096339780017995ccbd87bc57a17900fa0a40ebe56b251bb17deb9d9880
generated/extended/tables/mds_eigenvalues.tsv	265	8bf4e40ec2896945e86568ba5078c52bb0fee7bedcc6f0c6720c9ad7fe69fba6
generated/extended/tables/monte_carlo_convergence.tsv	907	1389a495f5efb7510af38724a3fe09cf81627307e691da55a528d45cd94a5cd2
generated/extended/tables/offtarget_candidate_rank_stability.tsv	3667	a71981cadff570f23d14e42b3b9754dc22d926b48d55a90d3a6437b8d08f223f
generated/extended/tables/offtarget_model_sensitivity.tsv	87968	82a9ad47946aa68dd8787d6cb4a2375ace4b6e45ab9c1d1e56427d139a4b8012
generated/extended/tables/offtarget_model_summary.tsv	2002	679a725a23afc684a1936444da915e0ff0e25f9b60579cd048d8e792ebf39c87
generated/extended/tables/pareto_front_and_layers.tsv	4902	8385bfce3349899bfba4d678cc2248e504e76e21018eac14d2f541441f4e5d3c
generated/extended/tables/position_candidate_rank_stability.tsv	3700	21194101f57406271860d04cfcdc726f55ffc3c9bae0c399e30319528dbdd5ca
generated/extended/tables/position_model_sensitivity.tsv	103977	37dfb4d8c0df2f8d8d64b39ef7d8919f2d81e7c7adcf77010f286aa5ba565053
generated/extended/tables/position_model_summary.tsv	2483	1de02c2b213cf0f1711c11505e634bcb89816235fdb83a5c4d4ac1d4bdeb8e7a
generated/extended/tables/random_seed_stability.tsv	4065	52dc557f1a900539fc18af4f75f57085ac572d2065522648ec2b37d7f039ba15
generated/extended/tables/random_seed_summary.tsv	687	8ea566b162c28e490fd36f09a5988afd16d2e41a1eabbda53c826d48cc63da06
generated/extended/tables/sequence_candidate_rank_stability.tsv	3977	3b80f393252a8ab7ebf0b80abc0ed00a02efa0026bc36fd253107bd0d6861acf
generated/extended/tables/sequence_qc_sensitivity.tsv	121231	9ed6d9e18533f22c54d6126bbc0772f522b1b2d4a59378cd07182e02d7e64dd3
generated/extended/tables/sequence_qc_summary.tsv	2969	2d1c5c19449f3808c4bbeda77d57a0bf2f922516b94bd4499bfa05a6fd220770
generated/extended/tables/uncertainty_source_oat_candidate.tsv	38066	a03e5de6ef1d9db2ed27149f855394539c55b0c4b1704dfe8b340aa070c9d3fa
generated/extended/tables/uncertainty_source_oat_summary.tsv	658	cb8778ca0f000db60417c12844d117d00a39c57df50ca7624ba877356ee72041
generated/normalized/malat1_a549_normalized_decision_matrix_v0_3.tsv	60484	eeca53c227e28c7e6040fe4c6257eabd91ca9949ef712ad2f9eed03eb4237d8e
generated/profile_smaa/malat1_a549_smaa_central_weights_v0_1.tsv	14221	2b0a965f65f14dd974572d70e5552488b4314b5451f52fa402107a27c458b8b3
generated/profile_smaa/malat1_a549_smaa_confidence_factors_v0_1.tsv	6919	8c0c989533198421153a3cfab4e06b187451275207403df18d91027fa3d24f74
generated/profile_smaa/malat1_a549_smaa_overall_robustness_v0_1.tsv	9861	1e741c17cc8919a834ae4c64bb1c8e77951fff4b3fe3d990c50627e94576f387
generated/profile_smaa/malat1_a549_smaa_profile_summary_v0_1.tsv	27288	d7892a500a3766b9efe879421d607955900cf16b5e89bb56bb208038241b40ab
generated/profile_smaa/malat1_a549_smaa_rank_acceptability_v0_1.tsv	1013889	97db8d645579dab552dc02df84be6a5412df7f6d0c78a314169d3dafa680de24
generated/profile_smaa/malat1_a549_smaa_run_manifest_v0_1.json	252	235fc811fd51f3a02ce6655d2de50db844d7888443d42aa860b0d32d5db5b16b
generated/reproducibility_validation_report.json	2369	993cf36b012e852fa3dccf2e31b09d0e5cd0bd6cade55ec49c19bbb58082174c
generated/reproducibility_validation_report.md	1030	c9af158ab8fe03c204991bd8adef741e9dc2f40be284dcf8ec45657b5988248c
inputs/crincl_malat1_unique_guides_grch38_v2.tsv	15474	283352067ee18f415e0a518d1ddd96100680b3098594b25a803b7aa9cf7132e9
inputs/flashfry_grch38_index_manifest.json	2322	fd31328fb1a40fdbb86d48900b10b853227269845b8a9c34faf706721df3fb5e
inputs/flashfry_malat1_discover_score_manifest.json	4784	4bd3c0fab2eb82ffc86d9811305cc3dd0a03f0224bf4af6c0f6a6f82daad1272
inputs/malat1_a549_provisional_validation_panel_v0_1.tsv	2138	527ff7de3a3d5e8dd44e329e7cdfe184fdcf6ee5d977f0df26289ffadd116d6c
inputs/malat1_a549_raw_decision_matrix_v0_2.tsv	47365	e45b143b5218414b0610ed93829bf8ee22873553dabbd6e2519dd13943468e56
inputs/stojic2018_guides_grch38_corrected.tsv	2463	97d0ac61ace628890310c6d3a100161bfdbdf22144eec5e7a6d297475f02ccf1
notebooks/MALAT1_A549_post_FlashFry_reproducibility.ipynb	7698	82776befa1cccdd201012c919ac870da48344f04ac6578b8d1a8aa26f5a23fdb
reference/extended/global_weight_smaa_summary.tsv	6695	24a17ae9f43b9f8c7e080e4b06547b41c1c791449259517711d4dedbff936093
reference/extended/integrated_candidate_technical_status.tsv	9526	03594b92c181a78984dd6ffe9bf62f476d0f6a446007834037c44de1fc681db4
reference/extended/monte_carlo_convergence.tsv	907	1389a495f5efb7510af38724a3fe09cf81627307e691da55a528d45cd94a5cd2
reference/extended/offtarget_model_summary.tsv	2002	679a725a23afc684a1936444da915e0ff0e25f9b60579cd048d8e792ebf39c87
reference/extended/pareto_front_and_layers.tsv	4902	8385bfce3349899bfba4d678cc2248e504e76e21018eac14d2f541441f4e5d3c
reference/extended/position_model_summary.tsv	2483	1de02c2b213cf0f1711c11505e634bcb89816235fdb83a5c4d4ac1d4bdeb8e7a
reference/extended/random_seed_summary.tsv	687	8ea566b162c28e490fd36f09a5988afd16d2e41a1eabbda53c826d48cc63da06
reference/extended/sequence_qc_summary.tsv	2969	2d1c5c19449f3808c4bbeda77d57a0bf2f922516b94bd4499bfa05a6fd220770
reference/normalized/malat1_a549_normalized_decision_matrix_v0_3.tsv	29186	d2d008910b09c05eaea58b3d21d92acd722e383bccec282678f523d7b51bea23
reference/profile_smaa/malat1_a549_smaa_central_weights_v0_1.tsv	14221	2b0a965f65f14dd974572d70e5552488b4314b5451f52fa402107a27c458b8b3
reference/profile_smaa/malat1_a549_smaa_overall_robustness_v0_1.tsv	9861	1e741c17cc8919a834ae4c64bb1c8e77951fff4b3fe3d990c50627e94576f387
reference/profile_smaa/malat1_a549_smaa_profile_summary_v0_1.tsv	27288	d7892a500a3766b9efe879421d607955900cf16b5e89bb56bb208038241b40ab
reference/profile_smaa/malat1_a549_smaa_rank_acceptability_v0_1.tsv	1013889	97db8d645579dab552dc02df84be6a5412df7f6d0c78a314169d3dafa680de24
repository_metadata_template.json	452	5f1fd27e48bdc56568bbaa6bedf78bcdc00df6f0fea765f5bf28167ec0077ce6
requirements-lock.txt	32	4c40934e438ae009a1eb0b5a9322cce029fba6ca1af6e314c088c1957cee0c04
scripts/01_build_normalized_matrix.py	3731	28940fe7baa566b6e1e76bd509d8c0c7d65df7603180a31f858254a01723e6fc
scripts/02_run_profile_smaa.py	11745	e1b9e40683f5214bae630574c2effe6607e99abe1a16738fb3224013d62023b0
scripts/03_run_extended_suite.py	58453	226b0a7448ca7254dcd828f94c51f1cd17ce813e8a3df6f12d83cf0b37d0f5d9
scripts/04_compute_confidence_factors.py	4757	ab02f11be49dac6d0fcc8882dd75099889db92fa8ecca45ee0fdc751edf484c9
scripts/05_validate_outputs.py	5813	361e54d3c8b4869bf94580c9ec71c0f744a7394ec376a05509c2ba2be6ccdf8c
scripts/run_pipeline.py	934	4d4bb376ba931e83339e22e692af891b8bf80619f6f2b63fd9ae6ff780636648
software_versions.json	522	ba633e2473f7b019301269360436043299e2dd20a51ee18e22b1a44336310305
