candidate_id	MALAT1_A549_NGG_0046	MALAT1_A549_NGG_0047	MALAT1_A549_NGG_0048	MALAT1_A549_NGG_0076	MALAT1_A549_NGG_0045	MALAT1_A549_NGG_0071	MALAT1_A549_NGG_0053	MALAT1_A549_NGG_0015	MALAT1_A549_NGG_0052	MALAT1_A549_NGG_0085
MALAT1_A549_NGG_0046		0.796267	0.973233	0.6502	0.986767	0.776767	0.994967	0.854533	0.997533	0.846
MALAT1_A549_NGG_0047	0.203733		0.8887	0.580467	0.917933	0.7274	0.9704	0.786967	0.984867	0.807333
MALAT1_A549_NGG_0048	0.026767	0.1113		0.501567	0.596867	0.616967	0.8154	0.701167	0.874167	0.7329
MALAT1_A549_NGG_0076	0.3498	0.419533	0.498433		0.508467	0.7295	0.609067	0.819533	0.627533	0.9961
MALAT1_A549_NGG_0045	0.013233	0.082067	0.403133	0.491533		0.604867	0.769067	0.6997	0.829867	0.7301
MALAT1_A549_NGG_0071	0.223233	0.2726	0.383033	0.2705	0.395133		0.519	0.631033	0.548867	0.800033
MALAT1_A549_NGG_0053	0.005033	0.0296	0.1846	0.390933	0.230933	0.481		0.5947	0.628067	0.643333
MALAT1_A549_NGG_0015	0.145467	0.213033	0.298833	0.180467	0.3003	0.368967	0.4053		0.422067	0.6756
MALAT1_A549_NGG_0052	0.002467	0.015133	0.125833	0.372467	0.170133	0.451133	0.371933	0.577933		0.624733
MALAT1_A549_NGG_0085	0.154	0.192667	0.2671	0.0039	0.2699	0.199967	0.356667	0.3244	0.375267	
