scenario	candidate_id	utility	rank	rank_change_vs_baseline	panel_flag
baseline_all_domains	MALAT1_A549_NGG_0001	0.53248765	15	0	0
baseline_all_domains	MALAT1_A549_NGG_0002	0.51034495	21	0	0
baseline_all_domains	MALAT1_A549_NGG_0003	0.50215975	25	0	0
baseline_all_domains	MALAT1_A549_NGG_0004	0.4959288	26	0	0
baseline_all_domains	MALAT1_A549_NGG_0005	0.49357165	28	0	0
baseline_all_domains	MALAT1_A549_NGG_0006	0.3563958	58	0	0
baseline_all_domains	MALAT1_A549_NGG_0007	0.4177527	45	0	0
baseline_all_domains	MALAT1_A549_NGG_0008	0.36815675	54	0	0
baseline_all_domains	MALAT1_A549_NGG_0009	0.36270205	57	0	0
baseline_all_domains	MALAT1_A549_NGG_0010	0.40228185	49	0	0
baseline_all_domains	MALAT1_A549_NGG_0011	0.3511799	60	0	0
baseline_all_domains	MALAT1_A549_NGG_0012	0.34568485	62	0	0
baseline_all_domains	MALAT1_A549_NGG_0013	0.35495495	59	0	0
baseline_all_domains	MALAT1_A549_NGG_0014	0.34981415	61	0	0
baseline_all_domains	MALAT1_A549_NGG_0015	0.5425133	14	0	0
baseline_all_domains	MALAT1_A549_NGG_0016	0.3989106	51	0	0
baseline_all_domains	MALAT1_A549_NGG_0017	0.42453355	43	0	0
baseline_all_domains	MALAT1_A549_NGG_0018	0.3647878	56	0	0
baseline_all_domains	MALAT1_A549_NGG_0019	0.36499795	55	0	0
baseline_all_domains	MALAT1_A549_NGG_0020	0.24145625	82	0	0
baseline_all_domains	MALAT1_A549_NGG_0021	0.40027865	50	0	0
baseline_all_domains	MALAT1_A549_NGG_0022	0.4066366	47	0	0
baseline_all_domains	MALAT1_A549_NGG_0023	0.4096924	46	0	0
baseline_all_domains	MALAT1_A549_NGG_0024	0.42236185	44	0	0
baseline_all_domains	MALAT1_A549_NGG_0025	0.2339903	84	0	0
baseline_all_domains	MALAT1_A549_NGG_0026	0.24599185	80	0	0
baseline_all_domains	MALAT1_A549_NGG_0027	0.3182113	69	0	0
baseline_all_domains	MALAT1_A549_NGG_0028	0.38467635	52	0	0
baseline_all_domains	MALAT1_A549_NGG_0029	0.26859615	76	0	0
baseline_all_domains	MALAT1_A549_NGG_0030	0.4058699	48	0	0
baseline_all_domains	MALAT1_A549_NGG_0031	0.2503404	78	0	0
baseline_all_domains	MALAT1_A549_NGG_0032	0.23742345	83	0	0
baseline_all_domains	MALAT1_A549_NGG_0033	0.24679745	79	0	0
baseline_all_domains	MALAT1_A549_NGG_0034	0.506446	23	0	0
baseline_all_domains	MALAT1_A549_NGG_0035	0.27296895	75	0	0
baseline_all_domains	MALAT1_A549_NGG_0036	0.3704176	53	0	0
baseline_all_domains	MALAT1_A549_NGG_0037	0.3257036	65	0	0
baseline_all_domains	MALAT1_A549_NGG_0038	0.3185221	68	0	0
baseline_all_domains	MALAT1_A549_NGG_0039	0.3395219	63	0	0
baseline_all_domains	MALAT1_A549_NGG_0040	0.55380145	13	0	0
baseline_all_domains	MALAT1_A549_NGG_0041	0.55703155	12	0	0
baseline_all_domains	MALAT1_A549_NGG_0042	0.5910386	6	0	0
baseline_all_domains	MALAT1_A549_NGG_0043	0.5633749	10	0	0
baseline_all_domains	MALAT1_A549_NGG_0044	0.51937445	20	0	0
baseline_all_domains	MALAT1_A549_NGG_0045	0.7174982	4	0	1
baseline_all_domains	MALAT1_A549_NGG_0046	0.777656	1	0	1
baseline_all_domains	MALAT1_A549_NGG_0047	0.75503125	2	0	1
baseline_all_domains	MALAT1_A549_NGG_0048	0.7216415	3	0	1
baseline_all_domains	MALAT1_A549_NGG_0049	0.580647	8	0	0
baseline_all_domains	MALAT1_A549_NGG_0050	0.429983	42	0	0
baseline_all_domains	MALAT1_A549_NGG_0051	0.52651175	16	0	0
baseline_all_domains	MALAT1_A549_NGG_0052	0.5620245	11	0	0
baseline_all_domains	MALAT1_A549_NGG_0053	0.5709515	9	0	0
baseline_all_domains	MALAT1_A549_NGG_0054	0.5083495	22	0	0
baseline_all_domains	MALAT1_A549_NGG_0055	0.52138675	19	0	0
baseline_all_domains	MALAT1_A549_NGG_0056	0.503528	24	0	0
baseline_all_domains	MALAT1_A549_NGG_0057	0.4905965	31	0	0
baseline_all_domains	MALAT1_A549_NGG_0058	0.49561825	27	0	0
baseline_all_domains	MALAT1_A549_NGG_0059	0.47928725	33	0	0
baseline_all_domains	MALAT1_A549_NGG_0060	0.493482	29	0	0
baseline_all_domains	MALAT1_A549_NGG_0061	0.48005825	32	0	0
baseline_all_domains	MALAT1_A549_NGG_0062	0.32641625	64	0	0
baseline_all_domains	MALAT1_A549_NGG_0063	0.3145935	71	0	0
baseline_all_domains	MALAT1_A549_NGG_0064	0.31653175	70	0	0
baseline_all_domains	MALAT1_A549_NGG_0065	0.31028375	72	0	0
baseline_all_domains	MALAT1_A549_NGG_0066	0.320847	67	0	0
baseline_all_domains	MALAT1_A549_NGG_0067	0.4930645	30	0	0
baseline_all_domains	MALAT1_A549_NGG_0068	0.475881	34	0	0
baseline_all_domains	MALAT1_A549_NGG_0069	0.453987	39	0	0
baseline_all_domains	MALAT1_A549_NGG_0070	0.323739	66	0	0
baseline_all_domains	MALAT1_A549_NGG_0071	0.58996275	7	0	1
baseline_all_domains	MALAT1_A549_NGG_0072	0.47360825	35	0	0
baseline_all_domains	MALAT1_A549_NGG_0073	0.29871925	73	0	0
baseline_all_domains	MALAT1_A549_NGG_0074	0.5226125	17	0	0
baseline_all_domains	MALAT1_A549_NGG_0075	0.43413975	41	0	0
baseline_all_domains	MALAT1_A549_NGG_0076	0.623454	5	0	1
baseline_all_domains	MALAT1_A549_NGG_0077	0.47213375	36	0	0
baseline_all_domains	MALAT1_A549_NGG_0078	0.46054575	38	0	0
baseline_all_domains	MALAT1_A549_NGG_0079	0.52238825	18	0	0
baseline_all_domains	MALAT1_A549_NGG_0080	0.2682535	77	0	0
baseline_all_domains	MALAT1_A549_NGG_0081	0.24523125	81	0	0
baseline_all_domains	MALAT1_A549_NGG_0082	0.21834675	85	0	0
baseline_all_domains	MALAT1_A549_NGG_0083	0.28128725	74	0	0
baseline_all_domains	MALAT1_A549_NGG_0084	0.2181505	86	0	0
baseline_all_domains	MALAT1_A549_NGG_0085	0.46967375	37	0	0
baseline_all_domains	MALAT1_A549_NGG_0086	0.4497875	40	0	0
without_efficacy	MALAT1_A549_NGG_0001	0.75522036	1	-14	0
without_efficacy	MALAT1_A549_NGG_0002	0.72311179	3	-18	0
without_efficacy	MALAT1_A549_NGG_0003	0.7109425	5	-20	0
without_efficacy	MALAT1_A549_NGG_0004	0.701565	6	-20	0
without_efficacy	MALAT1_A549_NGG_0005	0.68248321	7	-21	0
without_efficacy	MALAT1_A549_NGG_0006	0.48508929	36	-22	0
without_efficacy	MALAT1_A549_NGG_0007	0.56940857	22	-23	0
without_efficacy	MALAT1_A549_NGG_0008	0.49808107	31	-23	0
without_efficacy	MALAT1_A549_NGG_0009	0.48886	35	-22	0
without_efficacy	MALAT1_A549_NGG_0010	0.54492643	24	-25	0
without_efficacy	MALAT1_A549_NGG_0011	0.4714475	39	-21	0
without_efficacy	MALAT1_A549_NGG_0012	0.46074036	44	-18	0
without_efficacy	MALAT1_A549_NGG_0013	0.47207857	38	-21	0
without_efficacy	MALAT1_A549_NGG_0014	0.46425821	41	-20	0
without_efficacy	MALAT1_A549_NGG_0015	0.73716179	2	-12	0
without_efficacy	MALAT1_A549_NGG_0016	0.51534857	27	-24	0
without_efficacy	MALAT1_A549_NGG_0017	0.55147643	23	-20	0
without_efficacy	MALAT1_A549_NGG_0018	0.46183964	43	-13	0
without_efficacy	MALAT1_A549_NGG_0019	0.46071143	45	-10	0
without_efficacy	MALAT1_A549_NGG_0020	0.27850893	63	-19	0
without_efficacy	MALAT1_A549_NGG_0021	0.49444571	32	-18	0
without_efficacy	MALAT1_A549_NGG_0022	0.49971893	30	-17	0
without_efficacy	MALAT1_A549_NGG_0023	0.50360821	29	-17	0
without_efficacy	MALAT1_A549_NGG_0024	0.51885036	26	-18	0
without_efficacy	MALAT1_A549_NGG_0025	0.24165286	74	-10	0
without_efficacy	MALAT1_A549_NGG_0026	0.25832179	68	-12	0
without_efficacy	MALAT1_A549_NGG_0027	0.36101607	52	-17	0
without_efficacy	MALAT1_A549_NGG_0028	0.45549	46	-6	0
without_efficacy	MALAT1_A549_NGG_0029	0.28489929	60	-16	0
without_efficacy	MALAT1_A549_NGG_0030	0.47671893	37	-11	0
without_efficacy	MALAT1_A549_NGG_0031	0.24167679	73	-5	0
without_efficacy	MALAT1_A549_NGG_0032	0.22274786	78	-5	0
without_efficacy	MALAT1_A549_NGG_0033	0.22756786	77	-2	0
without_efficacy	MALAT1_A549_NGG_0034	0.57992286	20	-3	0
without_efficacy	MALAT1_A549_NGG_0035	0.22209857	79	4	0
without_efficacy	MALAT1_A549_NGG_0036	0.34178714	54	1	0
without_efficacy	MALAT1_A549_NGG_0037	0.27267179	65	0	0
without_efficacy	MALAT1_A549_NGG_0038	0.25907929	67	-1	0
without_efficacy	MALAT1_A549_NGG_0039	0.28765036	59	-4	0
without_efficacy	MALAT1_A549_NGG_0040	0.59233536	18	5	0
without_efficacy	MALAT1_A549_NGG_0041	0.595045	17	5	0
without_efficacy	MALAT1_A549_NGG_0042	0.64315036	11	5	0
without_efficacy	MALAT1_A549_NGG_0043	0.60220214	16	6	0
without_efficacy	MALAT1_A549_NGG_0044	0.53886821	25	5	0
without_efficacy	MALAT1_A549_NGG_0045	0.60333071	14	10	1
without_efficacy	MALAT1_A549_NGG_0046	0.68236571	8	7	1
without_efficacy	MALAT1_A549_NGG_0047	0.65004464	10	8	1
without_efficacy	MALAT1_A549_NGG_0048	0.602345	15	12	1
without_efficacy	MALAT1_A549_NGG_0049	0.40092429	49	41	0
without_efficacy	MALAT1_A549_NGG_0050	0.18569	81	39	0
without_efficacy	MALAT1_A549_NGG_0051	0.32358821	55	39	0
without_efficacy	MALAT1_A549_NGG_0052	0.37432071	51	40	0
without_efficacy	MALAT1_A549_NGG_0053	0.38707357	50	41	0
without_efficacy	MALAT1_A549_NGG_0054	0.29764214	57	35	0
without_efficacy	MALAT1_A549_NGG_0055	0.31626679	56	37	0
without_efficacy	MALAT1_A549_NGG_0056	0.29075429	58	34	0
without_efficacy	MALAT1_A549_NGG_0057	0.27228071	66	35	0
without_efficacy	MALAT1_A549_NGG_0058	0.27945464	62	35	0
without_efficacy	MALAT1_A549_NGG_0059	0.25612464	70	37	0
without_efficacy	MALAT1_A549_NGG_0060	0.27640286	64	35	0
without_efficacy	MALAT1_A549_NGG_0061	0.25722607	69	37	0
without_efficacy	MALAT1_A549_NGG_0062	0.0377375	82	18	0
without_efficacy	MALAT1_A549_NGG_0063	0.02084786	85	14	0
without_efficacy	MALAT1_A549_NGG_0064	0.02361679	84	14	0
without_efficacy	MALAT1_A549_NGG_0065	0.01469107	86	14	0
without_efficacy	MALAT1_A549_NGG_0066	0.02978143	83	16	0
without_efficacy	MALAT1_A549_NGG_0067	0.49009214	34	4	0
without_efficacy	MALAT1_A549_NGG_0068	0.46554429	40	6	0
without_efficacy	MALAT1_A549_NGG_0069	0.43426714	48	9	0
without_efficacy	MALAT1_A549_NGG_0070	0.24819857	72	6	0
without_efficacy	MALAT1_A549_NGG_0071	0.62851821	13	6	1
without_efficacy	MALAT1_A549_NGG_0072	0.4622975	42	7	0
without_efficacy	MALAT1_A549_NGG_0073	0.22049179	80	7	0
without_efficacy	MALAT1_A549_NGG_0074	0.57569643	21	4	0
without_efficacy	MALAT1_A549_NGG_0075	0.45037821	47	6	0
without_efficacy	MALAT1_A549_NGG_0076	0.72189857	4	-1	1
without_efficacy	MALAT1_A549_NGG_0077	0.50679821	28	-8	0
without_efficacy	MALAT1_A549_NGG_0078	0.49131536	33	-5	0
without_efficacy	MALAT1_A549_NGG_0079	0.5914475	19	1	0
without_efficacy	MALAT1_A549_NGG_0080	0.24018357	75	-2	0
without_efficacy	MALAT1_A549_NGG_0081	0.24908036	71	-10	0
without_efficacy	MALAT1_A549_NGG_0082	0.2321025	76	-9	0
without_efficacy	MALAT1_A549_NGG_0083	0.35416036	53	-21	0
without_efficacy	MALAT1_A549_NGG_0084	0.28432214	61	-25	0
without_efficacy	MALAT1_A549_NGG_0085	0.65756964	9	-28	0
without_efficacy	MALAT1_A549_NGG_0086	0.63023214	12	-28	0
without_local_safety	MALAT1_A549_NGG_0001	0.33212521	53	38	0
without_local_safety	MALAT1_A549_NGG_0002	0.30049279	59	38	0
without_local_safety	MALAT1_A549_NGG_0003	0.28879964	62	37	0
without_local_safety	MALAT1_A549_NGG_0004	0.27989829	65	39	0
without_local_safety	MALAT1_A549_NGG_0005	0.27653093	67	39	0
without_local_safety	MALAT1_A549_NGG_0006	0.29485114	60	2	0
without_local_safety	MALAT1_A549_NGG_0007	0.38250386	45	0	0
without_local_safety	MALAT1_A549_NGG_0008	0.3116525	55	1	0
without_local_safety	MALAT1_A549_NGG_0009	0.30386007	58	1	0
without_local_safety	MALAT1_A549_NGG_0010	0.36040264	49	0	0
without_local_safety	MALAT1_A549_NGG_0011	0.28739986	63	3	0
without_local_safety	MALAT1_A549_NGG_0012	0.27954979	66	4	0
without_local_safety	MALAT1_A549_NGG_0013	0.29279279	61	2	0
without_local_safety	MALAT1_A549_NGG_0014	0.28544879	64	3	0
without_local_safety	MALAT1_A549_NGG_0015	0.56073329	24	10	0
without_local_safety	MALAT1_A549_NGG_0016	0.35558657	51	0	0
without_local_safety	MALAT1_A549_NGG_0017	0.39219079	43	0	0
without_local_safety	MALAT1_A549_NGG_0018	0.30683971	57	1	0
without_local_safety	MALAT1_A549_NGG_0019	0.30713993	56	1	0
without_local_safety	MALAT1_A549_NGG_0020	0.13065179	82	0	0
without_local_safety	MALAT1_A549_NGG_0021	0.35754093	50	0	0
without_local_safety	MALAT1_A549_NGG_0022	0.36662371	47	0	0
without_local_safety	MALAT1_A549_NGG_0023	0.37098914	46	0	0
without_local_safety	MALAT1_A549_NGG_0024	0.38908836	44	0	0
without_local_safety	MALAT1_A549_NGG_0025	0.11998614	84	0	0
without_local_safety	MALAT1_A549_NGG_0026	0.13713121	80	0	0
without_local_safety	MALAT1_A549_NGG_0027	0.24030186	72	3	0
without_local_safety	MALAT1_A549_NGG_0028	0.33525193	52	0	0
without_local_safety	MALAT1_A549_NGG_0029	0.16942307	76	0	0
without_local_safety	MALAT1_A549_NGG_0030	0.36552843	48	0	0
without_local_safety	MALAT1_A549_NGG_0031	0.14334343	78	0	0
without_local_safety	MALAT1_A549_NGG_0032	0.12489064	83	0	0
without_local_safety	MALAT1_A549_NGG_0033	0.13828207	79	0	0
without_local_safety	MALAT1_A549_NGG_0034	0.50920857	28	5	0
without_local_safety	MALAT1_A549_NGG_0035	0.17566993	75	0	0
without_local_safety	MALAT1_A549_NGG_0036	0.31488229	54	1	0
without_local_safety	MALAT1_A549_NGG_0037	0.25100514	69	4	0
without_local_safety	MALAT1_A549_NGG_0038	0.24074586	71	3	0
without_local_safety	MALAT1_A549_NGG_0039	0.27074557	68	5	0
without_local_safety	MALAT1_A549_NGG_0040	0.57685921	23	10	0
without_local_safety	MALAT1_A549_NGG_0041	0.58147364	22	10	0
without_local_safety	MALAT1_A549_NGG_0042	0.63005514	17	11	0
without_local_safety	MALAT1_A549_NGG_0043	0.59053557	21	11	0
without_local_safety	MALAT1_A549_NGG_0044	0.52767779	27	7	0
without_local_safety	MALAT1_A549_NGG_0045	0.81071171	5	1	1
without_local_safety	MALAT1_A549_NGG_0046	0.89665143	1	0	1
without_local_safety	MALAT1_A549_NGG_0047	0.86433036	2	0	1
without_local_safety	MALAT1_A549_NGG_0048	0.81663071	3	0	1
without_local_safety	MALAT1_A549_NGG_0049	0.61521	19	11	0
without_local_safety	MALAT1_A549_NGG_0050	0.61426143	20	-22	0
without_local_safety	MALAT1_A549_NGG_0051	0.75215964	7	-9	0
without_local_safety	MALAT1_A549_NGG_0052	0.80289214	6	-5	0
without_local_safety	MALAT1_A549_NGG_0053	0.815645	4	-5	0
without_local_safety	MALAT1_A549_NGG_0054	0.72621357	9	-13	0
without_local_safety	MALAT1_A549_NGG_0055	0.74483821	8	-11	0
without_local_safety	MALAT1_A549_NGG_0056	0.71932571	10	-14	0
without_local_safety	MALAT1_A549_NGG_0057	0.70085214	13	-18	0
without_local_safety	MALAT1_A549_NGG_0058	0.70802607	11	-16	0
without_local_safety	MALAT1_A549_NGG_0059	0.68469607	15	-18	0
without_local_safety	MALAT1_A549_NGG_0060	0.70497429	12	-17	0
without_local_safety	MALAT1_A549_NGG_0061	0.6857975	14	-18	0
without_local_safety	MALAT1_A549_NGG_0062	0.46630893	30	-34	0
without_local_safety	MALAT1_A549_NGG_0063	0.44941929	37	-34	0
without_local_safety	MALAT1_A549_NGG_0064	0.45218821	36	-34	0
without_local_safety	MALAT1_A549_NGG_0065	0.4432625	39	-33	0
without_local_safety	MALAT1_A549_NGG_0066	0.45835286	34	-33	0
without_local_safety	MALAT1_A549_NGG_0067	0.49009214	29	-1	0
without_local_safety	MALAT1_A549_NGG_0068	0.46554429	31	-3	0
without_local_safety	MALAT1_A549_NGG_0069	0.43426714	40	1	0
without_local_safety	MALAT1_A549_NGG_0070	0.24819857	70	4	0
without_local_safety	MALAT1_A549_NGG_0071	0.62851821	18	11	1
without_local_safety	MALAT1_A549_NGG_0072	0.4622975	32	-3	0
without_local_safety	MALAT1_A549_NGG_0073	0.21245607	73	0	0
without_local_safety	MALAT1_A549_NGG_0074	0.53230357	25	8	0
without_local_safety	MALAT1_A549_NGG_0075	0.40591393	42	1	0
without_local_safety	MALAT1_A549_NGG_0076	0.67636286	16	11	1
without_local_safety	MALAT1_A549_NGG_0077	0.46019107	33	-3	0
without_local_safety	MALAT1_A549_NGG_0078	0.44363679	38	0	0
without_local_safety	MALAT1_A549_NGG_0079	0.53198321	26	8	0
without_local_safety	MALAT1_A549_NGG_0080	0.16893357	77	0	0
without_local_safety	MALAT1_A549_NGG_0081	0.13604464	81	0	0
without_local_safety	MALAT1_A549_NGG_0082	0.09763821	85	0	0
without_local_safety	MALAT1_A549_NGG_0083	0.18755321	74	0	0
without_local_safety	MALAT1_A549_NGG_0084	0.09735786	86	0	0
without_local_safety	MALAT1_A549_NGG_0085	0.45667679	35	-2	0
without_local_safety	MALAT1_A549_NGG_0086	0.42826786	41	1	0
without_sequence	MALAT1_A549_NGG_0001	0.44998547	17	2	0
without_sequence	MALAT1_A549_NGG_0002	0.42393524	24	3	0
without_sequence	MALAT1_A549_NGG_0003	0.41430559	28	3	0
without_sequence	MALAT1_A549_NGG_0004	0.40697506	29	3	0
without_sequence	MALAT1_A549_NGG_0005	0.40420194	31	3	0
without_sequence	MALAT1_A549_NGG_0006	0.24281859	82	24	0
without_sequence	MALAT1_A549_NGG_0007	0.31500318	62	17	0
without_sequence	MALAT1_A549_NGG_0008	0.256655	77	23	0
without_sequence	MALAT1_A549_NGG_0009	0.25023771	81	24	0
without_sequence	MALAT1_A549_NGG_0010	0.29680218	66	17	0
without_sequence	MALAT1_A549_NGG_0011	0.23668224	84	24	0
without_sequence	MALAT1_A549_NGG_0012	0.23021747	86	24	0
without_sequence	MALAT1_A549_NGG_0013	0.24112347	83	24	0
without_sequence	MALAT1_A549_NGG_0014	0.23507547	85	24	0
without_sequence	MALAT1_A549_NGG_0015	0.46178035	15	1	0
without_sequence	MALAT1_A549_NGG_0016	0.292836	69	18	0
without_sequence	MALAT1_A549_NGG_0017	0.32298065	57	14	0
without_sequence	MALAT1_A549_NGG_0018	0.25269153	80	24	0
without_sequence	MALAT1_A549_NGG_0019	0.25293876	79	24	0
without_sequence	MALAT1_A549_NGG_0020	0.28406618	73	-9	0
without_sequence	MALAT1_A549_NGG_0021	0.29444547	68	18	0
without_sequence	MALAT1_A549_NGG_0022	0.30192541	64	17	0
without_sequence	MALAT1_A549_NGG_0023	0.30552047	63	17	0
without_sequence	MALAT1_A549_NGG_0024	0.32042571	59	15	0
without_sequence	MALAT1_A549_NGG_0025	0.27528271	75	-9	0
without_sequence	MALAT1_A549_NGG_0026	0.28940218	71	-9	0
without_sequence	MALAT1_A549_NGG_0027	0.37436624	47	-22	0
without_sequence	MALAT1_A549_NGG_0028	0.45256041	16	-36	0
without_sequence	MALAT1_A549_NGG_0029	0.31599547	60	-16	0
without_sequence	MALAT1_A549_NGG_0030	0.30102341	65	17	0
without_sequence	MALAT1_A549_NGG_0031	0.29451812	67	-11	0
without_sequence	MALAT1_A549_NGG_0032	0.27932171	74	-9	0
without_sequence	MALAT1_A549_NGG_0033	0.29034994	70	-9	0
without_sequence	MALAT1_A549_NGG_0034	0.41934824	26	3	0
without_sequence	MALAT1_A549_NGG_0035	0.32113994	58	-17	0
without_sequence	MALAT1_A549_NGG_0036	0.43578541	22	-31	0
without_sequence	MALAT1_A549_NGG_0037	0.38318071	40	-25	0
without_sequence	MALAT1_A549_NGG_0038	0.37473188	46	-22	0
without_sequence	MALAT1_A549_NGG_0039	0.39943753	35	-28	0
without_sequence	MALAT1_A549_NGG_0040	0.47506053	14	1	0
without_sequence	MALAT1_A549_NGG_0041	0.47886065	13	1	0
without_sequence	MALAT1_A549_NGG_0042	0.51886894	7	1	0
without_sequence	MALAT1_A549_NGG_0043	0.48632341	11	1	0
without_sequence	MALAT1_A549_NGG_0044	0.43455818	23	3	0
without_sequence	MALAT1_A549_NGG_0045	0.66764494	5	1	1
without_sequence	MALAT1_A549_NGG_0046	0.73841882	1	0	1
without_sequence	MALAT1_A549_NGG_0047	0.71180147	2	0	1
without_sequence	MALAT1_A549_NGG_0048	0.67251941	4	1	1
without_sequence	MALAT1_A549_NGG_0049	0.68311412	3	-5	0
without_sequence	MALAT1_A549_NGG_0050	0.50586235	9	-33	0
without_sequence	MALAT1_A549_NGG_0051	0.442955	18	2	0
without_sequence	MALAT1_A549_NGG_0052	0.48473471	12	1	0
without_sequence	MALAT1_A549_NGG_0053	0.49523706	10	1	0
without_sequence	MALAT1_A549_NGG_0054	0.42158765	25	3	0
without_sequence	MALAT1_A549_NGG_0055	0.43692559	21	2	0
without_sequence	MALAT1_A549_NGG_0056	0.41591529	27	3	0
without_sequence	MALAT1_A549_NGG_0057	0.40070176	34	3	0
without_sequence	MALAT1_A549_NGG_0058	0.40660971	30	3	0
without_sequence	MALAT1_A549_NGG_0059	0.38739676	37	4	0
without_sequence	MALAT1_A549_NGG_0060	0.40409647	32	3	0
without_sequence	MALAT1_A549_NGG_0061	0.38830382	36	4	0
without_sequence	MALAT1_A549_NGG_0062	0.38401912	38	-26	0
without_sequence	MALAT1_A549_NGG_0063	0.37011	49	-22	0
without_sequence	MALAT1_A549_NGG_0064	0.37239029	48	-22	0
without_sequence	MALAT1_A549_NGG_0065	0.36503971	51	-21	0
without_sequence	MALAT1_A549_NGG_0066	0.37746706	44	-23	0
without_sequence	MALAT1_A549_NGG_0067	0.40360529	33	3	0
without_sequence	MALAT1_A549_NGG_0068	0.38338941	39	5	0
without_sequence	MALAT1_A549_NGG_0069	0.35763176	52	13	0
without_sequence	MALAT1_A549_NGG_0070	0.38086941	41	-25	0
without_sequence	MALAT1_A549_NGG_0071	0.51760324	8	1	1
without_sequence	MALAT1_A549_NGG_0072	0.38071559	42	7	0
without_sequence	MALAT1_A549_NGG_0073	0.35143441	54	-19	0
without_sequence	MALAT1_A549_NGG_0074	0.43836765	19	2	0
without_sequence	MALAT1_A549_NGG_0075	0.33428206	55	14	0
without_sequence	MALAT1_A549_NGG_0076	0.55700471	6	1	1
without_sequence	MALAT1_A549_NGG_0077	0.37898088	43	7	0
without_sequence	MALAT1_A549_NGG_0078	0.36534794	50	12	0
without_sequence	MALAT1_A549_NGG_0079	0.43810382	20	2	0
without_sequence	MALAT1_A549_NGG_0080	0.31559235	61	-16	0
without_sequence	MALAT1_A549_NGG_0081	0.28850735	72	-9	0
without_sequence	MALAT1_A549_NGG_0082	0.25687853	76	-9	0
without_sequence	MALAT1_A549_NGG_0083	0.33092618	56	-18	0
without_sequence	MALAT1_A549_NGG_0084	0.25664765	78	-8	0
without_sequence	MALAT1_A549_NGG_0085	0.37608676	45	8	0
without_sequence	MALAT1_A549_NGG_0086	0.35269118	53	13	0
without_offtarget	MALAT1_A549_NGG_0001	0.6051112	9	-6	0
without_offtarget	MALAT1_A549_NGG_0002	0.6055556	8	-13	0
without_offtarget	MALAT1_A549_NGG_0003	0.606	7	-18	0
without_offtarget	MALAT1_A549_NGG_0004	0.6064444	6	-20	0
without_offtarget	MALAT1_A549_NGG_0005	0.6211112	5	-23	0
without_offtarget	MALAT1_A549_NGG_0006	0.4224444	57	-1	0
without_offtarget	MALAT1_A549_NGG_0007	0.4255556	56	11	0
without_offtarget	MALAT1_A549_NGG_0008	0.426	55	1	0
without_offtarget	MALAT1_A549_NGG_0009	0.4273334	54	-3	0
without_offtarget	MALAT1_A549_NGG_0010	0.4277778	53	4	0
without_offtarget	MALAT1_A549_NGG_0011	0.4282222	52	-8	0
without_offtarget	MALAT1_A549_NGG_0012	0.4308888	51	-11	0
without_offtarget	MALAT1_A549_NGG_0013	0.4326666	50	-9	0
without_offtarget	MALAT1_A549_NGG_0014	0.4331112	49	-12	0
without_offtarget	MALAT1_A549_NGG_0015	0.4353334	48	34	0
without_offtarget	MALAT1_A549_NGG_0016	0.4508888	47	-4	0
without_offtarget	MALAT1_A549_NGG_0017	0.4513334	46	3	0
without_offtarget	MALAT1_A549_NGG_0018	0.4553334	45	-11	0
without_offtarget	MALAT1_A549_NGG_0019	0.4566666	44	-11	0
without_offtarget	MALAT1_A549_NGG_0020	0.262	84	2	0
without_offtarget	MALAT1_A549_NGG_0021	0.4722222	43	-7	0
without_offtarget	MALAT1_A549_NGG_0022	0.4757778	42	-5	0
without_offtarget	MALAT1_A549_NGG_0023	0.4762222	41	-5	0
without_offtarget	MALAT1_A549_NGG_0024	0.4788888	40	-4	0
without_offtarget	MALAT1_A549_NGG_0025	0.2864444	82	-2	0
without_offtarget	MALAT1_A549_NGG_0026	0.2868888	81	1	0
without_offtarget	MALAT1_A549_NGG_0027	0.2873334	80	11	0
without_offtarget	MALAT1_A549_NGG_0028	0.2877778	79	27	0
without_offtarget	MALAT1_A549_NGG_0029	0.2922222	78	2	0
without_offtarget	MALAT1_A549_NGG_0030	0.4962222	39	-9	0
without_offtarget	MALAT1_A549_NGG_0031	0.3082222	76	-2	0
without_offtarget	MALAT1_A549_NGG_0032	0.3086666	75	-8	0
without_offtarget	MALAT1_A549_NGG_0033	0.3166666	74	-5	0
without_offtarget	MALAT1_A549_NGG_0034	0.534	38	15	0
without_offtarget	MALAT1_A549_NGG_0035	0.3566666	72	-3	0
without_offtarget	MALAT1_A549_NGG_0036	0.3748888	71	18	0
without_offtarget	MALAT1_A549_NGG_0037	0.3797778	70	5	0
without_offtarget	MALAT1_A549_NGG_0038	0.3828888	69	1	0
without_offtarget	MALAT1_A549_NGG_0039	0.3842222	68	5	0
without_offtarget	MALAT1_A549_NGG_0040	0.5855556	31	18	0
without_offtarget	MALAT1_A549_NGG_0041	0.5873334	30	18	0
without_offtarget	MALAT1_A549_NGG_0042	0.5877778	29	23	0
without_offtarget	MALAT1_A549_NGG_0043	0.5891112	28	18	0
without_offtarget	MALAT1_A549_NGG_0044	0.5895556	27	7	0
without_offtarget	MALAT1_A549_NGG_0045	0.7935556	4	0	1
without_offtarget	MALAT1_A549_NGG_0046	0.8	1	0	1
without_offtarget	MALAT1_A549_NGG_0047	0.8	2	0	1
without_offtarget	MALAT1_A549_NGG_0048	0.8	3	0	1
without_offtarget	MALAT1_A549_NGG_0049	0.6	10	2	0
without_offtarget	MALAT1_A549_NGG_0050	0.4	60	18	0
without_offtarget	MALAT1_A549_NGG_0051	0.6	11	-5	0
without_offtarget	MALAT1_A549_NGG_0052	0.6	12	1	0
without_offtarget	MALAT1_A549_NGG_0053	0.6	13	4	0
without_offtarget	MALAT1_A549_NGG_0054	0.6	14	-8	0
without_offtarget	MALAT1_A549_NGG_0055	0.6	15	-4	0
without_offtarget	MALAT1_A549_NGG_0056	0.6	16	-8	0
without_offtarget	MALAT1_A549_NGG_0057	0.6	17	-14	0
without_offtarget	MALAT1_A549_NGG_0058	0.6	18	-9	0
without_offtarget	MALAT1_A549_NGG_0059	0.6	19	-14	0
without_offtarget	MALAT1_A549_NGG_0060	0.6	20	-9	0
without_offtarget	MALAT1_A549_NGG_0061	0.6	21	-11	0
without_offtarget	MALAT1_A549_NGG_0062	0.4	61	-3	0
without_offtarget	MALAT1_A549_NGG_0063	0.4	62	-9	0
without_offtarget	MALAT1_A549_NGG_0064	0.4	63	-7	0
without_offtarget	MALAT1_A549_NGG_0065	0.4	64	-8	0
without_offtarget	MALAT1_A549_NGG_0066	0.4	65	-2	0
without_offtarget	MALAT1_A549_NGG_0067	0.6	22	-8	0
without_offtarget	MALAT1_A549_NGG_0068	0.6	23	-11	0
without_offtarget	MALAT1_A549_NGG_0069	0.6	24	-15	0
without_offtarget	MALAT1_A549_NGG_0070	0.4	66	0	0
without_offtarget	MALAT1_A549_NGG_0071	0.6	25	18	1
without_offtarget	MALAT1_A549_NGG_0072	0.6	26	-9	0
without_offtarget	MALAT1_A549_NGG_0073	0.3925	67	-6	0
without_offtarget	MALAT1_A549_NGG_0074	0.5595	32	15	0
without_offtarget	MALAT1_A549_NGG_0075	0.5585	33	-8	0
without_offtarget	MALAT1_A549_NGG_0076	0.5575	34	29	1
without_offtarget	MALAT1_A549_NGG_0077	0.5565	35	-1	0
without_offtarget	MALAT1_A549_NGG_0078	0.5555	36	-2	0
without_offtarget	MALAT1_A549_NGG_0079	0.5445	37	19	0
without_offtarget	MALAT1_A549_NGG_0080	0.3335	73	-4	0
without_offtarget	MALAT1_A549_NGG_0081	0.2945	77	-4	0
without_offtarget	MALAT1_A549_NGG_0082	0.2745	83	-2	0
without_offtarget	MALAT1_A549_NGG_0083	0.2445	85	11	0
without_offtarget	MALAT1_A549_NGG_0084	0.2255	86	0	0
without_offtarget	MALAT1_A549_NGG_0085	0.4125	58	21	0
without_offtarget	MALAT1_A549_NGG_0086	0.4115	59	19	0
