candidate_id	MDS1	MDS2	pareto_layer	mean_p_top5_across_profiles	panel_flag
MALAT1_A549_NGG_0001	-0.5856671961	-0.7469992193	1	0.00363333	0
MALAT1_A549_NGG_0002	-0.583643667	-0.7487963737	1	0.0005	0
MALAT1_A549_NGG_0003	-0.5822959118	-0.7491283354	1	0.00021111	0
MALAT1_A549_NGG_0004	-0.5810427746	-0.7492551491	1	0.00012222	0
MALAT1_A549_NGG_0005	-0.549527172	-0.7321003842	1	3.333e-05	0
MALAT1_A549_NGG_0006	-0.7425462087	0.0393879381	14	0.0	0
MALAT1_A549_NGG_0007	-0.7388558485	0.0495203461	9	0.0	0
MALAT1_A549_NGG_0008	-0.7355031279	0.0448412786	12	0.0	0
MALAT1_A549_NGG_0009	-0.7323842336	0.0458507535	13	0.0	0
MALAT1_A549_NGG_0010	-0.7333490946	0.0505329368	10	0.0	0
MALAT1_A549_NGG_0011	-0.7299234587	0.0456957765	14	0.0	0
MALAT1_A549_NGG_0012	-0.7239482425	0.0482828619	14	0.0	0
MALAT1_A549_NGG_0013	-0.720590816	0.0513653591	13	0.0	0
MALAT1_A549_NGG_0014	-0.7193900319	0.0513532215	13	0.0	0
MALAT1_A549_NGG_0015	-0.7239621499	0.0742185196	1	0.04306667	0
MALAT1_A549_NGG_0016	-0.6837054419	0.077600318	10	0.0	0
MALAT1_A549_NGG_0017	-0.6839941322	0.0808176142	9	0.0	0
MALAT1_A549_NGG_0018	-0.672537488	0.0792917998	13	0.0	0
MALAT1_A549_NGG_0019	-0.6696932944	0.0808957066	13	0.0	0
MALAT1_A549_NGG_0020	-0.5745156357	0.2163009668	13	0.0	0
MALAT1_A549_NGG_0021	-0.6380970741	0.1030560802	12	0.0	0
MALAT1_A549_NGG_0022	-0.6307923987	0.1079422393	11	0.0	0
MALAT1_A549_NGG_0023	-0.6299888938	0.1087903049	10	0.0	0
MALAT1_A549_NGG_0024	-0.6248931399	0.113284214	9	0.0	0
MALAT1_A549_NGG_0025	-0.5218189351	0.2445205892	12	0.0	0
MALAT1_A549_NGG_0026	-0.5214485526	0.2463077376	11	0.0	0
MALAT1_A549_NGG_0027	-0.5239932844	0.2544165151	9	0.0	0
MALAT1_A549_NGG_0028	-0.5262598363	0.2619209855	2	1.111e-05	0
MALAT1_A549_NGG_0029	-0.5111242166	0.2550087277	9	0.0	0
MALAT1_A549_NGG_0030	-0.5869840142	0.132119104	10	0.0	0
MALAT1_A549_NGG_0031	-0.4759844903	0.2720763787	10	0.0	0
MALAT1_A549_NGG_0032	-0.4744076401	0.2712477001	12	0.0	0
MALAT1_A549_NGG_0033	-0.4577335738	0.2817237654	11	0.0	0
MALAT1_A549_NGG_0034	-0.5109716552	0.1875005966	8	0.0	0
MALAT1_A549_NGG_0035	-0.3733610925	0.3319312608	9	0.0	0
MALAT1_A549_NGG_0036	-0.3390656645	0.3637816633	7	0.0	0
MALAT1_A549_NGG_0037	-0.3264334653	0.3648886128	8	0.0	0
MALAT1_A549_NGG_0038	-0.3194251408	0.3678259447	8	0.0	0
MALAT1_A549_NGG_0039	-0.317587082	0.3716124885	7	0.0	0
MALAT1_A549_NGG_0040	-0.4028843992	0.2536426417	6	0.00034444	0
MALAT1_A549_NGG_0041	-0.3992345368	0.2560910881	5	0.00034445	0
MALAT1_A549_NGG_0042	-0.3999295845	0.2601882703	3	0.01524444	0
MALAT1_A549_NGG_0043	-0.3957354072	0.2588663488	4	0.00088889	0
MALAT1_A549_NGG_0044	-0.3926536013	0.2547746706	4	0.0	0
MALAT1_A549_NGG_0045	0.0897887414	0.7662837246	3	0.77181111	1
MALAT1_A549_NGG_0046	0.100673507	0.7802451098	1	0.99274445	1
MALAT1_A549_NGG_0047	0.1017689192	0.7778700699	2	0.96902222	1
MALAT1_A549_NGG_0048	0.1033855355	0.774364971	3	0.8067	1
MALAT1_A549_NGG_0049	0.1879894404	0.9016100213	3	0.0386	0
MALAT1_A549_NGG_0050	0.9300033808	0.6241816172	4	0.00238889	0
MALAT1_A549_NGG_0051	0.8475523539	0.4922687616	6	0.00835556	0
MALAT1_A549_NGG_0052	0.8458329492	0.4959967231	5	0.18225555	0
MALAT1_A549_NGG_0053	0.8454007348	0.4969338376	4	0.30725556	0
MALAT1_A549_NGG_0054	0.8484317072	0.4903621741	8	0.0007	0
MALAT1_A549_NGG_0055	0.8478004886	0.4917307633	7	0.00454445	0
MALAT1_A549_NGG_0056	0.8486651476	0.4898560357	9	0.00027778	0
MALAT1_A549_NGG_0057	0.8492912461	0.4884985476	12	1.111e-05	0
MALAT1_A549_NGG_0058	0.8490481103	0.4890257073	10	3.333e-05	0
MALAT1_A549_NGG_0059	0.8498388009	0.4873113558	14	0.0	0
MALAT1_A549_NGG_0060	0.8491515402	0.4888014538	11	4.444e-05	0
MALAT1_A549_NGG_0061	0.8498014718	0.4873922917	13	0.0	0
MALAT1_A549_NGG_0062	0.9350177249	0.6133096669	15	0.0	0
MALAT1_A549_NGG_0063	0.9355901416	0.6120685702	18	0.0	0
MALAT1_A549_NGG_0064	0.9354962982	0.6122720386	17	0.0	0
MALAT1_A549_NGG_0065	0.9357988048	0.6116161529	19	0.0	0
MALAT1_A549_NGG_0066	0.9352873687	0.6127250332	16	0.0	0
MALAT1_A549_NGG_0067	0.5682158913	-0.781513866	4	0.00077778	0
MALAT1_A549_NGG_0068	0.569047857	-0.783317709	5	0.00012222	0
MALAT1_A549_NGG_0069	0.5701078888	-0.7856160381	7	0.0	0
MALAT1_A549_NGG_0070	0.6541914853	-0.6572428709	6	0.0	0
MALAT1_A549_NGG_0071	0.5635244129	-0.7713419435	3	0.23871111	1
MALAT1_A549_NGG_0072	0.5691578957	-0.7835562916	6	4.445e-05	0
MALAT1_A549_NGG_0073	0.6393454273	-0.6687681017	7	0.0	0
MALAT1_A549_NGG_0074	0.4800751692	-0.826465442	7	0.02131111	0
MALAT1_A549_NGG_0075	0.4822177236	-0.8369393986	8	0.0	0
MALAT1_A549_NGG_0076	0.4709107916	-0.8182525824	1	0.52715556	1
MALAT1_A549_NGG_0077	0.4760962047	-0.8353239739	8	0.00024444	0
MALAT1_A549_NGG_0078	0.4745162652	-0.837726931	9	5.555e-05	0
MALAT1_A549_NGG_0079	0.447971171	-0.8442865332	7	0.02795556	0
MALAT1_A549_NGG_0080	0.5145020417	-0.7419699512	10	0.0	0
MALAT1_A549_NGG_0081	0.4321180749	-0.7906603498	11	0.0	0
MALAT1_A549_NGG_0082	0.390599922	-0.8172126253	13	0.0	0
MALAT1_A549_NGG_0083	0.3233228494	-0.8462005285	10	0.0	0
MALAT1_A549_NGG_0084	0.2857008955	-0.8753718914	12	0.0	0
MALAT1_A549_NGG_0085	0.1679126957	-1.0064386971	2	0.02667778	0
MALAT1_A549_NGG_0086	0.1667345289	-1.0097127654	4	0.0078	0
