offtarget_model	profile	candidate_id	offtarget_value_percentile	utility	rank	panel_flag
Jost_CRISPRi_percentile	balanced	MALAT1_A549_NGG_0001	0.68235294	0.62442164	14	0
Jost_CRISPRi_percentile	balanced	MALAT1_A549_NGG_0002	0.6	0.6041667	20	0
Jost_CRISPRi_percentile	balanced	MALAT1_A549_NGG_0003	0.49411765	0.57802941	24	0
Jost_CRISPRi_percentile	balanced	MALAT1_A549_NGG_0004	0.4	0.5548333	30	0
Jost_CRISPRi_percentile	balanced	MALAT1_A549_NGG_0005	0.27058824	0.53348046	34	0
Jost_CRISPRi_percentile	balanced	MALAT1_A549_NGG_0006	0.36470588	0.40800977	57	0
Jost_CRISPRi_percentile	balanced	MALAT1_A549_NGG_0007	0.74117647	0.50446082	42	0
Jost_CRISPRi_percentile	balanced	MALAT1_A549_NGG_0008	0.50588235	0.44597059	53	0
Jost_CRISPRi_percentile	balanced	MALAT1_A549_NGG_0009	0.41176471	0.42344123	56	0
Jost_CRISPRi_percentile	balanced	MALAT1_A549_NGG_0010	0.69411765	0.49436276	45	0
Jost_CRISPRi_percentile	balanced	MALAT1_A549_NGG_0011	0.29411765	0.39469606	60	0
Jost_CRISPRi_percentile	balanced	MALAT1_A549_NGG_0012	0.17647059	0.36728425	66	0
Jost_CRISPRi_percentile	balanced	MALAT1_A549_NGG_0013	0.31764706	0.40391171	58	0
Jost_CRISPRi_percentile	balanced	MALAT1_A549_NGG_0014	0.23529412	0.38365693	63	0
Jost_CRISPRi_percentile	balanced	MALAT1_A549_NGG_0015	1.0	0.57650005	25	0
Jost_CRISPRi_percentile	balanced	MALAT1_A549_NGG_0016	0.62352941	0.49404895	46	0
Jost_CRISPRi_percentile	balanced	MALAT1_A549_NGG_0017	0.70588235	0.51497064	40	0
Jost_CRISPRi_percentile	balanced	MALAT1_A549_NGG_0018	0.18823529	0.38855887	61	0
Jost_CRISPRi_percentile	balanced	MALAT1_A549_NGG_0019	0.16470588	0.38367642	62	0
Jost_CRISPRi_percentile	balanced	MALAT1_A549_NGG_0020	0.45882353	0.31120588	75	0
Jost_CRISPRi_percentile	balanced	MALAT1_A549_NGG_0021	0.48235294	0.47475489	48	0
Jost_CRISPRi_percentile	balanced	MALAT1_A549_NGG_0022	0.54117647	0.49212747	47	0
Jost_CRISPRi_percentile	balanced	MALAT1_A549_NGG_0023	0.56470588	0.49834312	44	0
Jost_CRISPRi_percentile	balanced	MALAT1_A549_NGG_0024	0.63529412	0.51799013	39	0
Jost_CRISPRi_percentile	balanced	MALAT1_A549_NGG_0025	0.12941176	0.24718624	84	0
Jost_CRISPRi_percentile	balanced	MALAT1_A549_NGG_0026	0.32941176	0.29751954	77	0
Jost_CRISPRi_percentile	balanced	MALAT1_A549_NGG_0027	0.75294118	0.40373534	59	0
Jost_CRISPRi_percentile	balanced	MALAT1_A549_NGG_0028	0.96470588	0.45700982	51	0
Jost_CRISPRi_percentile	balanced	MALAT1_A549_NGG_0029	0.52941176	0.35151959	70	0
Jost_CRISPRi_percentile	balanced	MALAT1_A549_NGG_0030	0.35294118	0.46040194	50	0
Jost_CRISPRi_percentile	balanced	MALAT1_A549_NGG_0031	0.14117647	0.26646077	82	0
Jost_CRISPRi_percentile	balanced	MALAT1_A549_NGG_0032	0.03529412	0.24032348	85	0
Jost_CRISPRi_percentile	balanced	MALAT1_A549_NGG_0033	0.04705882	0.24926466	83	0
Jost_CRISPRi_percentile	balanced	MALAT1_A549_NGG_0034	0.77647059	0.59461765	22	0
Jost_CRISPRi_percentile	balanced	MALAT1_A549_NGG_0035	0.02352941	0.2733823	81	0
Jost_CRISPRi_percentile	balanced	MALAT1_A549_NGG_0036	0.71764706	0.46057836	49	0
Jost_CRISPRi_percentile	balanced	MALAT1_A549_NGG_0037	0.38823529	0.38189217	64	0
Jost_CRISPRi_percentile	balanced	MALAT1_A549_NGG_0038	0.34117647	0.37246072	65	0
Jost_CRISPRi_percentile	balanced	MALAT1_A549_NGG_0039	0.55294118	0.42640194	55	0
Jost_CRISPRi_percentile	balanced	MALAT1_A549_NGG_0040	0.81176471	0.64210788	13	0
Jost_CRISPRi_percentile	balanced	MALAT1_A549_NGG_0041	0.82352941	0.6463824	12	0
Jost_CRISPRi_percentile	balanced	MALAT1_A549_NGG_0042	0.92941176	0.67318629	7	0
Jost_CRISPRi_percentile	balanced	MALAT1_A549_NGG_0043	0.84705882	0.65359811	10	0
Jost_CRISPRi_percentile	balanced	MALAT1_A549_NGG_0044	0.67058824	0.60981376	18	0
Jost_CRISPRi_percentile	balanced	MALAT1_A549_NGG_0045	0.87058824	0.81281376	4	1
Jost_CRISPRi_percentile	balanced	MALAT1_A549_NGG_0046	0.97647059	0.84411765	1	1
Jost_CRISPRi_percentile	balanced	MALAT1_A549_NGG_0047	0.94117647	0.83529412	2	1
Jost_CRISPRi_percentile	balanced	MALAT1_A549_NGG_0048	0.85882353	0.81470588	3	1
Jost_CRISPRi_percentile	balanced	MALAT1_A549_NGG_0049	0.89411765	0.67352941	6	0
Jost_CRISPRi_percentile	balanced	MALAT1_A549_NGG_0050	0.88235294	0.52058824	37	0
Jost_CRISPRi_percentile	balanced	MALAT1_A549_NGG_0051	0.65882353	0.61470588	15	0
Jost_CRISPRi_percentile	balanced	MALAT1_A549_NGG_0052	0.78823529	0.64705882	11	0
Jost_CRISPRi_percentile	balanced	MALAT1_A549_NGG_0053	0.83529412	0.65882353	9	0
Jost_CRISPRi_percentile	balanced	MALAT1_A549_NGG_0054	0.61176471	0.60294118	21	0
Jost_CRISPRi_percentile	balanced	MALAT1_A549_NGG_0055	0.64705882	0.61176471	16	0
Jost_CRISPRi_percentile	balanced	MALAT1_A549_NGG_0056	0.57647059	0.59411765	23	0
Jost_CRISPRi_percentile	balanced	MALAT1_A549_NGG_0057	0.37647059	0.54411765	32	0
Jost_CRISPRi_percentile	balanced	MALAT1_A549_NGG_0058	0.47058824	0.56764706	26	0
Jost_CRISPRi_percentile	balanced	MALAT1_A549_NGG_0059	0.28235294	0.52058824	38	0
Jost_CRISPRi_percentile	balanced	MALAT1_A549_NGG_0060	0.43529412	0.55882353	28	0
Jost_CRISPRi_percentile	balanced	MALAT1_A549_NGG_0061	0.30588235	0.52647059	36	0
Jost_CRISPRi_percentile	balanced	MALAT1_A549_NGG_0062	0.25882353	0.36470588	68	0
Jost_CRISPRi_percentile	balanced	MALAT1_A549_NGG_0063	0.08235294	0.32058824	73	0
Jost_CRISPRi_percentile	balanced	MALAT1_A549_NGG_0064	0.10588235	0.32647059	72	0
Jost_CRISPRi_percentile	balanced	MALAT1_A549_NGG_0065	0.05882353	0.31470588	74	0
Jost_CRISPRi_percentile	balanced	MALAT1_A549_NGG_0066	0.15294118	0.33823529	71	0
Jost_CRISPRi_percentile	balanced	MALAT1_A549_NGG_0067	0.42352941	0.55588235	29	0
Jost_CRISPRi_percentile	balanced	MALAT1_A549_NGG_0068	0.24705882	0.51176471	41	0
Jost_CRISPRi_percentile	balanced	MALAT1_A549_NGG_0069	0.0	0.45	52	0
Jost_CRISPRi_percentile	balanced	MALAT1_A549_NGG_0070	0.21176471	0.35294118	69	0
Jost_CRISPRi_percentile	balanced	MALAT1_A549_NGG_0071	0.90588235	0.67647059	5	1
Jost_CRISPRi_percentile	balanced	MALAT1_A549_NGG_0072	0.2	0.5	43	0
Jost_CRISPRi_percentile	balanced	MALAT1_A549_NGG_0073	0.01176471	0.29731618	78	0
Jost_CRISPRi_percentile	balanced	MALAT1_A549_NGG_0074	0.76470588	0.61080147	17	0
Jost_CRISPRi_percentile	balanced	MALAT1_A549_NGG_0075	0.09411765	0.44240441	54	0
Jost_CRISPRi_percentile	balanced	MALAT1_A549_NGG_0076	0.98823529	0.66518382	8	1
Jost_CRISPRi_percentile	balanced	MALAT1_A549_NGG_0077	0.58823529	0.56443382	27	0
Jost_CRISPRi_percentile	balanced	MALAT1_A549_NGG_0078	0.44705882	0.52838971	35	0
Jost_CRISPRi_percentile	balanced	MALAT1_A549_NGG_0079	0.8	0.608375	19	0
Jost_CRISPRi_percentile	balanced	MALAT1_A549_NGG_0080	0.11764706	0.27953676	79	0
Jost_CRISPRi_percentile	balanced	MALAT1_A549_NGG_0081	0.22352941	0.27675735	80	0
Jost_CRISPRi_percentile	balanced	MALAT1_A549_NGG_0082	0.07058824	0.22352206	86	0
Jost_CRISPRi_percentile	balanced	MALAT1_A549_NGG_0083	0.72941176	0.36572794	67	0
Jost_CRISPRi_percentile	balanced	MALAT1_A549_NGG_0084	0.51764706	0.29853676	76	0
Jost_CRISPRi_percentile	balanced	MALAT1_A549_NGG_0085	0.95294118	0.54761029	31	0
Jost_CRISPRi_percentile	balanced	MALAT1_A549_NGG_0086	0.91764706	0.53803676	33	0
Jost_CRISPRi_percentile	efficacy_focused	MALAT1_A549_NGG_0001	0.68235294	0.47633834	36	0
Jost_CRISPRi_percentile	efficacy_focused	MALAT1_A549_NGG_0002	0.6	0.45625005	41	0
Jost_CRISPRi_percentile	efficacy_focused	MALAT1_A549_NGG_0003	0.49411765	0.43027941	48	0
Jost_CRISPRi_percentile	efficacy_focused	MALAT1_A549_NGG_0004	0.4	0.40724995	54	0
Jost_CRISPRi_percentile	efficacy_focused	MALAT1_A549_NGG_0005	0.27058824	0.39139716	60	0
Jost_CRISPRi_percentile	efficacy_focused	MALAT1_A549_NGG_0006	0.36470588	0.31642642	69	0
Jost_CRISPRi_percentile	efficacy_focused	MALAT1_A549_NGG_0007	0.74117647	0.41404417	52	0
Jost_CRISPRi_percentile	efficacy_focused	MALAT1_A549_NGG_0008	0.50588235	0.35572059	64	0
Jost_CRISPRi_percentile	efficacy_focused	MALAT1_A549_NGG_0009	0.41176471	0.33369125	66	0
Jost_CRISPRi_percentile	efficacy_focused	MALAT1_A549_NGG_0010	0.69411765	0.40477944	55	0
Jost_CRISPRi_percentile	efficacy_focused	MALAT1_A549_NGG_0011	0.29411765	0.30527939	72	0
Jost_CRISPRi_percentile	efficacy_focused	MALAT1_A549_NGG_0012	0.17647059	0.27886755	79	0
Jost_CRISPRi_percentile	efficacy_focused	MALAT1_A549_NGG_0013	0.31764706	0.31616169	70	0
Jost_CRISPRi_percentile	efficacy_focused	MALAT1_A549_NGG_0014	0.23529412	0.29607363	74	0
Jost_CRISPRi_percentile	efficacy_focused	MALAT1_A549_NGG_0015	1.0	0.48975008	31	0
Jost_CRISPRi_percentile	efficacy_focused	MALAT1_A549_NGG_0016	0.62352941	0.41313225	53	0
Jost_CRISPRi_percentile	efficacy_focused	MALAT1_A549_NGG_0017	0.70588235	0.43422066	47	0
Jost_CRISPRi_percentile	efficacy_focused	MALAT1_A549_NGG_0018	0.18823529	0.3093089	71	0
Jost_CRISPRi_percentile	efficacy_focused	MALAT1_A549_NGG_0019	0.16470588	0.3049264	73	0
Jost_CRISPRi_percentile	efficacy_focused	MALAT1_A549_NGG_0020	0.45882353	0.28445588	75	0
Jost_CRISPRi_percentile	efficacy_focused	MALAT1_A549_NGG_0021	0.48235294	0.40183821	57	0
Jost_CRISPRi_percentile	efficacy_focused	MALAT1_A549_NGG_0022	0.54117647	0.42054414	51	0
Jost_CRISPRi_percentile	efficacy_focused	MALAT1_A549_NGG_0023	0.56470588	0.42692645	49	0
Jost_CRISPRi_percentile	efficacy_focused	MALAT1_A549_NGG_0024	0.63529412	0.44757343	43	0
Jost_CRISPRi_percentile	efficacy_focused	MALAT1_A549_NGG_0025	0.12941176	0.22960289	85	0
Jost_CRISPRi_percentile	efficacy_focused	MALAT1_A549_NGG_0026	0.32941176	0.28010284	77	0
Jost_CRISPRi_percentile	efficacy_focused	MALAT1_A549_NGG_0027	0.75294118	0.38648537	62	0
Jost_CRISPRi_percentile	efficacy_focused	MALAT1_A549_NGG_0028	0.96470588	0.4399265	46	0
Jost_CRISPRi_percentile	efficacy_focused	MALAT1_A549_NGG_0029	0.52941176	0.33610292	65	0
Jost_CRISPRi_percentile	efficacy_focused	MALAT1_A549_NGG_0030	0.35294118	0.39648527	59	0
Jost_CRISPRi_percentile	efficacy_focused	MALAT1_A549_NGG_0031	0.14117647	0.25704409	82	0
Jost_CRISPRi_percentile	efficacy_focused	MALAT1_A549_NGG_0032	0.03529412	0.23107345	84	0
Jost_CRISPRi_percentile	efficacy_focused	MALAT1_A549_NGG_0033	0.04705882	0.24301463	83	0
Jost_CRISPRi_percentile	efficacy_focused	MALAT1_A549_NGG_0034	0.77647059	0.54486765	27	0
Jost_CRISPRi_percentile	efficacy_focused	MALAT1_A549_NGG_0035	0.02352941	0.28213228	76	0
Jost_CRISPRi_percentile	efficacy_focused	MALAT1_A549_NGG_0036	0.71764706	0.47616166	37	0
Jost_CRISPRi_percentile	efficacy_focused	MALAT1_A549_NGG_0037	0.38823529	0.39930885	58	0
Jost_CRISPRi_percentile	efficacy_focused	MALAT1_A549_NGG_0038	0.34117647	0.39104402	61	0
Jost_CRISPRi_percentile	efficacy_focused	MALAT1_A549_NGG_0039	0.55294118	0.44548527	44	0
Jost_CRISPRi_percentile	efficacy_focused	MALAT1_A549_NGG_0040	0.81176471	0.61169123	23	0
Jost_CRISPRi_percentile	efficacy_focused	MALAT1_A549_NGG_0041	0.82352941	0.61663243	22	0
Jost_CRISPRi_percentile	efficacy_focused	MALAT1_A549_NGG_0042	0.92941176	0.64360297	17	0
Jost_CRISPRi_percentile	efficacy_focused	MALAT1_A549_NGG_0043	0.84705882	0.62451481	19	0
Jost_CRISPRi_percentile	efficacy_focused	MALAT1_A549_NGG_0044	0.67058824	0.58089711	24	0
Jost_CRISPRi_percentile	efficacy_focused	MALAT1_A549_NGG_0045	0.87058824	0.86039711	4	1
Jost_CRISPRi_percentile	efficacy_focused	MALAT1_A549_NGG_0046	0.97647059	0.89411765	1	1
Jost_CRISPRi_percentile	efficacy_focused	MALAT1_A549_NGG_0047	0.94117647	0.88529412	2	1
Jost_CRISPRi_percentile	efficacy_focused	MALAT1_A549_NGG_0048	0.85882353	0.86470588	3	1
Jost_CRISPRi_percentile	efficacy_focused	MALAT1_A549_NGG_0049	0.89411765	0.77352941	5	0
Jost_CRISPRi_percentile	efficacy_focused	MALAT1_A549_NGG_0050	0.88235294	0.67058824	12	0
Jost_CRISPRi_percentile	efficacy_focused	MALAT1_A549_NGG_0051	0.65882353	0.71470588	8	0
Jost_CRISPRi_percentile	efficacy_focused	MALAT1_A549_NGG_0052	0.78823529	0.74705882	7	0
Jost_CRISPRi_percentile	efficacy_focused	MALAT1_A549_NGG_0053	0.83529412	0.75882353	6	0
Jost_CRISPRi_percentile	efficacy_focused	MALAT1_A549_NGG_0054	0.61176471	0.70294118	10	0
Jost_CRISPRi_percentile	efficacy_focused	MALAT1_A549_NGG_0055	0.64705882	0.71176471	9	0
Jost_CRISPRi_percentile	efficacy_focused	MALAT1_A549_NGG_0056	0.57647059	0.69411765	11	0
Jost_CRISPRi_percentile	efficacy_focused	MALAT1_A549_NGG_0057	0.37647059	0.64411765	16	0
Jost_CRISPRi_percentile	efficacy_focused	MALAT1_A549_NGG_0058	0.47058824	0.66764706	13	0
Jost_CRISPRi_percentile	efficacy_focused	MALAT1_A549_NGG_0059	0.28235294	0.62058824	21	0
Jost_CRISPRi_percentile	efficacy_focused	MALAT1_A549_NGG_0060	0.43529412	0.65882353	14	0
Jost_CRISPRi_percentile	efficacy_focused	MALAT1_A549_NGG_0061	0.30588235	0.62647059	18	0
Jost_CRISPRi_percentile	efficacy_focused	MALAT1_A549_NGG_0062	0.25882353	0.51470588	30	0
Jost_CRISPRi_percentile	efficacy_focused	MALAT1_A549_NGG_0063	0.08235294	0.47058824	39	0
Jost_CRISPRi_percentile	efficacy_focused	MALAT1_A549_NGG_0064	0.10588235	0.47647059	35	0
Jost_CRISPRi_percentile	efficacy_focused	MALAT1_A549_NGG_0065	0.05882353	0.46470588	40	0
Jost_CRISPRi_percentile	efficacy_focused	MALAT1_A549_NGG_0066	0.15294118	0.48823529	32	0
Jost_CRISPRi_percentile	efficacy_focused	MALAT1_A549_NGG_0067	0.42352941	0.53088235	28	0
Jost_CRISPRi_percentile	efficacy_focused	MALAT1_A549_NGG_0068	0.24705882	0.48676471	33	0
Jost_CRISPRi_percentile	efficacy_focused	MALAT1_A549_NGG_0069	0.0	0.425	50	0
Jost_CRISPRi_percentile	efficacy_focused	MALAT1_A549_NGG_0070	0.21176471	0.37794118	63	0
Jost_CRISPRi_percentile	efficacy_focused	MALAT1_A549_NGG_0071	0.90588235	0.65147059	15	1
Jost_CRISPRi_percentile	efficacy_focused	MALAT1_A549_NGG_0072	0.2	0.475	38	0
Jost_CRISPRi_percentile	efficacy_focused	MALAT1_A549_NGG_0073	0.01176471	0.31950368	68	0
Jost_CRISPRi_percentile	efficacy_focused	MALAT1_A549_NGG_0074	0.76470588	0.57061397	25	0
Jost_CRISPRi_percentile	efficacy_focused	MALAT1_A549_NGG_0075	0.09411765	0.40184191	56	0
Jost_CRISPRi_percentile	efficacy_focused	MALAT1_A549_NGG_0076	0.98823529	0.62424632	20	1
Jost_CRISPRi_percentile	efficacy_focused	MALAT1_A549_NGG_0077	0.58823529	0.52312132	29	0
Jost_CRISPRi_percentile	efficacy_focused	MALAT1_A549_NGG_0078	0.44705882	0.48670221	34	0
Jost_CRISPRi_percentile	efficacy_focused	MALAT1_A549_NGG_0079	0.8	0.5625625	26	0
Jost_CRISPRi_percentile	efficacy_focused	MALAT1_A549_NGG_0080	0.11764706	0.27959926	78	0
Jost_CRISPRi_percentile	efficacy_focused	MALAT1_A549_NGG_0081	0.22352941	0.26219485	80	0
Jost_CRISPRi_percentile	efficacy_focused	MALAT1_A549_NGG_0082	0.07058824	0.20145956	86	0
Jost_CRISPRi_percentile	efficacy_focused	MALAT1_A549_NGG_0083	0.72941176	0.33241544	67	0
Jost_CRISPRi_percentile	efficacy_focused	MALAT1_A549_NGG_0084	0.51764706	0.25809926	81	0
Jost_CRISPRi_percentile	efficacy_focused	MALAT1_A549_NGG_0085	0.95294118	0.45229779	42	0
Jost_CRISPRi_percentile	efficacy_focused	MALAT1_A549_NGG_0086	0.91764706	0.44234926	45	0
Jost_CRISPRi_percentile	safety_focused	MALAT1_A549_NGG_0001	0.68235294	0.70726148	5	0
Jost_CRISPRi_percentile	safety_focused	MALAT1_A549_NGG_0002	0.6	0.6827778	9	0
Jost_CRISPRi_percentile	safety_focused	MALAT1_A549_NGG_0003	0.49411765	0.65123529	13	0
Jost_CRISPRi_percentile	safety_focused	MALAT1_A549_NGG_0004	0.4	0.6232222	19	0
Jost_CRISPRi_percentile	safety_focused	MALAT1_A549_NGG_0005	0.27058824	0.59173207	24	0
Jost_CRISPRi_percentile	safety_focused	MALAT1_A549_NGG_0006	0.36470588	0.44563396	52	0
Jost_CRISPRi_percentile	safety_focused	MALAT1_A549_NGG_0007	0.74117647	0.56013074	28	0
Jost_CRISPRi_percentile	safety_focused	MALAT1_A549_NGG_0008	0.50588235	0.48976471	44	0
Jost_CRISPRi_percentile	safety_focused	MALAT1_A549_NGG_0009	0.41176471	0.46219611	51	0
Jost_CRISPRi_percentile	safety_focused	MALAT1_A549_NGG_0010	0.69411765	0.54712419	32	0
Jost_CRISPRi_percentile	safety_focused	MALAT1_A549_NGG_0011	0.29411765	0.42734639	59	0
Jost_CRISPRi_percentile	safety_focused	MALAT1_A549_NGG_0012	0.17647059	0.39338558	65	0
Jost_CRISPRi_percentile	safety_focused	MALAT1_A549_NGG_0013	0.31764706	0.43662742	55	0
Jost_CRISPRi_percentile	safety_focused	MALAT1_A549_NGG_0014	0.23529412	0.41214384	62	0
Jost_CRISPRi_percentile	safety_focused	MALAT1_A549_NGG_0015	1.0	0.6426667	15	0
Jost_CRISPRi_percentile	safety_focused	MALAT1_A549_NGG_0016	0.62352941	0.53750322	34	0
Jost_CRISPRi_percentile	safety_focused	MALAT1_A549_NGG_0017	0.70588235	0.56243141	27	0
Jost_CRISPRi_percentile	safety_focused	MALAT1_A549_NGG_0018	0.18823529	0.40913729	63	0
Jost_CRISPRi_percentile	safety_focused	MALAT1_A549_NGG_0019	0.16470588	0.40274506	64	0
Jost_CRISPRi_percentile	safety_focused	MALAT1_A549_NGG_0020	0.45882353	0.34364706	69	0
Jost_CRISPRi_percentile	safety_focused	MALAT1_A549_NGG_0021	0.48235294	0.50581698	41	0
Jost_CRISPRi_percentile	safety_focused	MALAT1_A549_NGG_0022	0.54117647	0.52524184	38	0
Jost_CRISPRi_percentile	safety_focused	MALAT1_A549_NGG_0023	0.56470588	0.53252286	37	0
Jost_CRISPRi_percentile	safety_focused	MALAT1_A549_NGG_0024	0.63529412	0.55503264	29	0
Jost_CRISPRi_percentile	safety_focused	MALAT1_A549_NGG_0025	0.12941176	0.25704573	79	0
Jost_CRISPRi_percentile	safety_focused	MALAT1_A549_NGG_0026	0.32941176	0.31726793	72	0
Jost_CRISPRi_percentile	safety_focused	MALAT1_A549_NGG_0027	0.75294118	0.44454905	53	0
Jost_CRISPRi_percentile	safety_focused	MALAT1_A549_NGG_0028	0.96470588	0.50830066	40	0
Jost_CRISPRi_percentile	safety_focused	MALAT1_A549_NGG_0029	0.52941176	0.37993463	67	0
Jost_CRISPRi_percentile	safety_focused	MALAT1_A549_NGG_0030	0.35294118	0.47899345	47	0
Jost_CRISPRi_percentile	safety_focused	MALAT1_A549_NGG_0031	0.14117647	0.27146404	77	0
Jost_CRISPRi_percentile	safety_focused	MALAT1_A549_NGG_0032	0.03529412	0.23992154	82	0
Jost_CRISPRi_percentile	safety_focused	MALAT1_A549_NGG_0033	0.04705882	0.24745095	80	0
Jost_CRISPRi_percentile	safety_focused	MALAT1_A549_NGG_0034	0.77647059	0.62494118	18	0
Jost_CRISPRi_percentile	safety_focused	MALAT1_A549_NGG_0035	0.02352941	0.26039212	78	0
Jost_CRISPRi_percentile	safety_focused	MALAT1_A549_NGG_0036	0.71764706	0.47773852	48	0
Jost_CRISPRi_percentile	safety_focused	MALAT1_A549_NGG_0037	0.38823529	0.38135949	66	0
Jost_CRISPRi_percentile	safety_focused	MALAT1_A549_NGG_0038	0.34117647	0.36879734	68	0
Jost_CRISPRi_percentile	safety_focused	MALAT1_A549_NGG_0039	0.55294118	0.43299345	57	0
Jost_CRISPRi_percentile	safety_focused	MALAT1_A549_NGG_0040	0.81176471	0.66130721	12	0
Jost_CRISPRi_percentile	safety_focused	MALAT1_A549_NGG_0041	0.82352941	0.66572552	11	0
Jost_CRISPRi_percentile	safety_focused	MALAT1_A549_NGG_0042	0.92941176	0.69771243	7	0
Jost_CRISPRi_percentile	safety_focused	MALAT1_A549_NGG_0043	0.84705882	0.67367325	10	0
Jost_CRISPRi_percentile	safety_focused	MALAT1_A549_NGG_0044	0.67058824	0.62095427	20	0
Jost_CRISPRi_percentile	safety_focused	MALAT1_A549_NGG_0045	0.87058824	0.78295427	3	1
Jost_CRISPRi_percentile	safety_focused	MALAT1_A549_NGG_0046	0.97647059	0.81794118	1	1
Jost_CRISPRi_percentile	safety_focused	MALAT1_A549_NGG_0047	0.94117647	0.80735294	2	1
Jost_CRISPRi_percentile	safety_focused	MALAT1_A549_NGG_0048	0.85882353	0.78264706	4	1
Jost_CRISPRi_percentile	safety_focused	MALAT1_A549_NGG_0049	0.89411765	0.64323529	14	0
Jost_CRISPRi_percentile	safety_focused	MALAT1_A549_NGG_0050	0.88235294	0.46470588	49	0
Jost_CRISPRi_percentile	safety_focused	MALAT1_A549_NGG_0051	0.65882353	0.54764706	31	0
Jost_CRISPRi_percentile	safety_focused	MALAT1_A549_NGG_0052	0.78823529	0.58647059	25	0
Jost_CRISPRi_percentile	safety_focused	MALAT1_A549_NGG_0053	0.83529412	0.60058824	23	0
Jost_CRISPRi_percentile	safety_focused	MALAT1_A549_NGG_0054	0.61176471	0.53352941	36	0
Jost_CRISPRi_percentile	safety_focused	MALAT1_A549_NGG_0055	0.64705882	0.54411765	33	0
Jost_CRISPRi_percentile	safety_focused	MALAT1_A549_NGG_0056	0.57647059	0.52294118	39	0
Jost_CRISPRi_percentile	safety_focused	MALAT1_A549_NGG_0057	0.37647059	0.46294118	50	0
Jost_CRISPRi_percentile	safety_focused	MALAT1_A549_NGG_0058	0.47058824	0.49117647	43	0
Jost_CRISPRi_percentile	safety_focused	MALAT1_A549_NGG_0059	0.28235294	0.43470588	56	0
Jost_CRISPRi_percentile	safety_focused	MALAT1_A549_NGG_0060	0.43529412	0.48058824	46	0
Jost_CRISPRi_percentile	safety_focused	MALAT1_A549_NGG_0061	0.30588235	0.44176471	54	0
Jost_CRISPRi_percentile	safety_focused	MALAT1_A549_NGG_0062	0.25882353	0.27764706	74	0
Jost_CRISPRi_percentile	safety_focused	MALAT1_A549_NGG_0063	0.08235294	0.22470588	85	0
Jost_CRISPRi_percentile	safety_focused	MALAT1_A549_NGG_0064	0.10588235	0.23176471	84	0
Jost_CRISPRi_percentile	safety_focused	MALAT1_A549_NGG_0065	0.05882353	0.21764706	86	0
Jost_CRISPRi_percentile	safety_focused	MALAT1_A549_NGG_0066	0.15294118	0.24588235	81	0
Jost_CRISPRi_percentile	safety_focused	MALAT1_A549_NGG_0067	0.42352941	0.55205882	30	0
Jost_CRISPRi_percentile	safety_focused	MALAT1_A549_NGG_0068	0.24705882	0.49911765	42	0
Jost_CRISPRi_percentile	safety_focused	MALAT1_A549_NGG_0069	0.0	0.425	60	0
Jost_CRISPRi_percentile	safety_focused	MALAT1_A549_NGG_0070	0.21176471	0.33852941	71	0
Jost_CRISPRi_percentile	safety_focused	MALAT1_A549_NGG_0071	0.90588235	0.69676471	8	1
Jost_CRISPRi_percentile	safety_focused	MALAT1_A549_NGG_0072	0.2	0.485	45	0
Jost_CRISPRi_percentile	safety_focused	MALAT1_A549_NGG_0073	0.01176471	0.27477941	76	0
Jost_CRISPRi_percentile	safety_focused	MALAT1_A549_NGG_0074	0.76470588	0.63416176	17	0
Jost_CRISPRi_percentile	safety_focused	MALAT1_A549_NGG_0075	0.09411765	0.43248529	58	0
Jost_CRISPRi_percentile	safety_focused	MALAT1_A549_NGG_0076	0.98823529	0.70022059	6	1
Jost_CRISPRi_percentile	safety_focused	MALAT1_A549_NGG_0077	0.58823529	0.57972059	26	0
Jost_CRISPRi_percentile	safety_focused	MALAT1_A549_NGG_0078	0.44705882	0.53686765	35	0
Jost_CRISPRi_percentile	safety_focused	MALAT1_A549_NGG_0079	0.8	0.63725	16	0
Jost_CRISPRi_percentile	safety_focused	MALAT1_A549_NGG_0080	0.11764706	0.27704412	75	0
Jost_CRISPRi_percentile	safety_focused	MALAT1_A549_NGG_0081	0.22352941	0.28930882	73	0
Jost_CRISPRi_percentile	safety_focused	MALAT1_A549_NGG_0082	0.07058824	0.23342647	83	0
Jost_CRISPRi_percentile	safety_focused	MALAT1_A549_NGG_0083	0.72941176	0.41607353	61	0
Jost_CRISPRi_percentile	safety_focused	MALAT1_A549_NGG_0084	0.51764706	0.34304412	70	0
Jost_CRISPRi_percentile	safety_focused	MALAT1_A549_NGG_0085	0.95294118	0.61713235	21	0
Jost_CRISPRi_percentile	safety_focused	MALAT1_A549_NGG_0086	0.91764706	0.60604412	22	0
Hsu2013_percentile	balanced	MALAT1_A549_NGG_0001	0.64705882	0.61559811	19	0
Hsu2013_percentile	balanced	MALAT1_A549_NGG_0002	0.72941176	0.63651964	14	0
Hsu2013_percentile	balanced	MALAT1_A549_NGG_0003	0.43529412	0.56332353	27	0
Hsu2013_percentile	balanced	MALAT1_A549_NGG_0004	0.37647059	0.54895095	31	0
Hsu2013_percentile	balanced	MALAT1_A549_NGG_0005	0.28235294	0.53642164	34	0
Hsu2013_percentile	balanced	MALAT1_A549_NGG_0006	0.51764706	0.44624506	53	0
Hsu2013_percentile	balanced	MALAT1_A549_NGG_0007	0.84705882	0.53093141	36	0
Hsu2013_percentile	balanced	MALAT1_A549_NGG_0008	0.47058824	0.43714706	55	0
Hsu2013_percentile	balanced	MALAT1_A549_NGG_0009	0.55294118	0.45873534	50	0
Hsu2013_percentile	balanced	MALAT1_A549_NGG_0010	0.76470588	0.51200982	42	0
Hsu2013_percentile	balanced	MALAT1_A549_NGG_0011	0.44705882	0.43293136	57	0
Hsu2013_percentile	balanced	MALAT1_A549_NGG_0012	0.15294118	0.36140189	67	0
Hsu2013_percentile	balanced	MALAT1_A549_NGG_0013	0.31764706	0.40391171	59	0
Hsu2013_percentile	balanced	MALAT1_A549_NGG_0014	0.21176471	0.37777458	63	0
Hsu2013_percentile	balanced	MALAT1_A549_NGG_0015	0.98823529	0.57355887	25	0
Hsu2013_percentile	balanced	MALAT1_A549_NGG_0016	0.6	0.4881666	45	0
Hsu2013_percentile	balanced	MALAT1_A549_NGG_0017	0.68235294	0.50908829	43	0
Hsu2013_percentile	balanced	MALAT1_A549_NGG_0018	0.24705882	0.40326476	60	0
Hsu2013_percentile	balanced	MALAT1_A549_NGG_0019	0.11764706	0.37191171	64	0
Hsu2013_percentile	balanced	MALAT1_A549_NGG_0020	0.48235294	0.31708824	74	0
Hsu2013_percentile	balanced	MALAT1_A549_NGG_0021	0.45882353	0.46887253	46	0
Hsu2013_percentile	balanced	MALAT1_A549_NGG_0022	0.34117647	0.44212747	54	0
Hsu2013_percentile	balanced	MALAT1_A549_NGG_0023	0.38823529	0.45422547	51	0
Hsu2013_percentile	balanced	MALAT1_A549_NGG_0024	0.41176471	0.46210778	48	0
Hsu2013_percentile	balanced	MALAT1_A549_NGG_0025	0.08235294	0.23542154	85	0
Hsu2013_percentile	balanced	MALAT1_A549_NGG_0026	0.22352941	0.27104895	80	0
Hsu2013_percentile	balanced	MALAT1_A549_NGG_0027	0.67058824	0.38314711	61	0
Hsu2013_percentile	balanced	MALAT1_A549_NGG_0028	0.77647059	0.409951	58	0
Hsu2013_percentile	balanced	MALAT1_A549_NGG_0029	0.57647059	0.3632843	66	0
Hsu2013_percentile	balanced	MALAT1_A549_NGG_0030	0.35294118	0.46040194	49	0
Hsu2013_percentile	balanced	MALAT1_A549_NGG_0031	0.09411765	0.25469606	82	0
Hsu2013_percentile	balanced	MALAT1_A549_NGG_0032	0.0	0.23149995	86	0
Hsu2013_percentile	balanced	MALAT1_A549_NGG_0033	0.04705882	0.24926466	83	0
Hsu2013_percentile	balanced	MALAT1_A549_NGG_0034	0.95294118	0.63873529	13	0
Hsu2013_percentile	balanced	MALAT1_A549_NGG_0035	0.18823529	0.31455877	76	0
Hsu2013_percentile	balanced	MALAT1_A549_NGG_0036	0.74117647	0.46646072	47	0
Hsu2013_percentile	balanced	MALAT1_A549_NGG_0037	0.32941176	0.36718629	65	0
Hsu2013_percentile	balanced	MALAT1_A549_NGG_0038	0.36470588	0.37834307	62	0
Hsu2013_percentile	balanced	MALAT1_A549_NGG_0039	0.58823529	0.43522547	56	0
Hsu2013_percentile	balanced	MALAT1_A549_NGG_0040	0.81176471	0.64210788	11	0
Hsu2013_percentile	balanced	MALAT1_A549_NGG_0041	0.91764706	0.66991181	7	0
Hsu2013_percentile	balanced	MALAT1_A549_NGG_0042	0.92941176	0.67318629	6	0
Hsu2013_percentile	balanced	MALAT1_A549_NGG_0043	0.78823529	0.63889222	12	0
Hsu2013_percentile	balanced	MALAT1_A549_NGG_0044	0.70588235	0.61863729	18	0
Hsu2013_percentile	balanced	MALAT1_A549_NGG_0045	0.82352941	0.80104905	4	1
Hsu2013_percentile	balanced	MALAT1_A549_NGG_0046	1.0	0.85	1	1
Hsu2013_percentile	balanced	MALAT1_A549_NGG_0047	0.85882353	0.81470588	3	1
Hsu2013_percentile	balanced	MALAT1_A549_NGG_0048	0.94117647	0.83529412	2	1
Hsu2013_percentile	balanced	MALAT1_A549_NGG_0049	0.96470588	0.69117647	5	0
Hsu2013_percentile	balanced	MALAT1_A549_NGG_0050	0.97647059	0.54411765	33	0
Hsu2013_percentile	balanced	MALAT1_A549_NGG_0051	0.69411765	0.62352941	17	0
Hsu2013_percentile	balanced	MALAT1_A549_NGG_0052	0.71764706	0.62941176	16	0
Hsu2013_percentile	balanced	MALAT1_A549_NGG_0053	0.8	0.65	9	0
Hsu2013_percentile	balanced	MALAT1_A549_NGG_0054	0.52941176	0.58235294	23	0
Hsu2013_percentile	balanced	MALAT1_A549_NGG_0055	0.65882353	0.61470588	20	0
Hsu2013_percentile	balanced	MALAT1_A549_NGG_0056	0.62352941	0.60588235	21	0
Hsu2013_percentile	balanced	MALAT1_A549_NGG_0057	0.29411765	0.52352941	39	0
Hsu2013_percentile	balanced	MALAT1_A549_NGG_0058	0.30588235	0.52647059	38	0
Hsu2013_percentile	balanced	MALAT1_A549_NGG_0059	0.23529412	0.50882353	44	0
Hsu2013_percentile	balanced	MALAT1_A549_NGG_0060	0.42352941	0.55588235	29	0
Hsu2013_percentile	balanced	MALAT1_A549_NGG_0061	0.27058824	0.51764706	40	0
Hsu2013_percentile	balanced	MALAT1_A549_NGG_0062	0.2	0.35	68	0
Hsu2013_percentile	balanced	MALAT1_A549_NGG_0063	0.05882353	0.31470588	75	0
Hsu2013_percentile	balanced	MALAT1_A549_NGG_0064	0.14117647	0.33529412	70	0
Hsu2013_percentile	balanced	MALAT1_A549_NGG_0065	0.03529412	0.30882353	77	0
Hsu2013_percentile	balanced	MALAT1_A549_NGG_0066	0.16470588	0.34117647	69	0
Hsu2013_percentile	balanced	MALAT1_A549_NGG_0067	0.49411765	0.57352941	26	0
Hsu2013_percentile	balanced	MALAT1_A549_NGG_0068	0.25882353	0.51470588	41	0
Hsu2013_percentile	balanced	MALAT1_A549_NGG_0069	0.01176471	0.45294118	52	0
Hsu2013_percentile	balanced	MALAT1_A549_NGG_0070	0.07058824	0.31764706	73	0
Hsu2013_percentile	balanced	MALAT1_A549_NGG_0071	0.83529412	0.65882353	8	1
Hsu2013_percentile	balanced	MALAT1_A549_NGG_0072	0.4	0.55	30	0
Hsu2013_percentile	balanced	MALAT1_A549_NGG_0073	0.02352941	0.30025735	78	0
Hsu2013_percentile	balanced	MALAT1_A549_NGG_0074	0.89411765	0.64315441	10	0
Hsu2013_percentile	balanced	MALAT1_A549_NGG_0075	0.50588235	0.54534559	32	0
Hsu2013_percentile	balanced	MALAT1_A549_NGG_0076	0.87058824	0.63577206	15	1
Hsu2013_percentile	balanced	MALAT1_A549_NGG_0077	0.56470588	0.55855147	28	0
Hsu2013_percentile	balanced	MALAT1_A549_NGG_0078	0.63529412	0.57544853	24	0
Hsu2013_percentile	balanced	MALAT1_A549_NGG_0079	0.75294118	0.59661029	22	0
Hsu2013_percentile	balanced	MALAT1_A549_NGG_0080	0.10588235	0.27659559	79	0
Hsu2013_percentile	balanced	MALAT1_A549_NGG_0081	0.17647059	0.26499265	81	0
Hsu2013_percentile	balanced	MALAT1_A549_NGG_0082	0.12941176	0.23822794	84	0
Hsu2013_percentile	balanced	MALAT1_A549_NGG_0083	0.54117647	0.31866912	72	0
Hsu2013_percentile	balanced	MALAT1_A549_NGG_0084	0.61176471	0.32206618	71	0
Hsu2013_percentile	balanced	MALAT1_A549_NGG_0085	0.90588235	0.53584559	35	0
Hsu2013_percentile	balanced	MALAT1_A549_NGG_0086	0.88235294	0.52921324	37	0
Hsu2013_percentile	efficacy_focused	MALAT1_A549_NGG_0001	0.64705882	0.46751481	40	0
Hsu2013_percentile	efficacy_focused	MALAT1_A549_NGG_0002	0.72941176	0.48860299	36	0
Hsu2013_percentile	efficacy_focused	MALAT1_A549_NGG_0003	0.43529412	0.41557353	50	0
Hsu2013_percentile	efficacy_focused	MALAT1_A549_NGG_0004	0.37647059	0.4013676	52	0
Hsu2013_percentile	efficacy_focused	MALAT1_A549_NGG_0005	0.28235294	0.39433834	56	0
Hsu2013_percentile	efficacy_focused	MALAT1_A549_NGG_0006	0.51764706	0.35466171	64	0
Hsu2013_percentile	efficacy_focused	MALAT1_A549_NGG_0007	0.84705882	0.44051476	45	0
Hsu2013_percentile	efficacy_focused	MALAT1_A549_NGG_0008	0.47058824	0.34689706	66	0
Hsu2013_percentile	efficacy_focused	MALAT1_A549_NGG_0009	0.55294118	0.36898537	62	0
Hsu2013_percentile	efficacy_focused	MALAT1_A549_NGG_0010	0.76470588	0.4224265	49	0
Hsu2013_percentile	efficacy_focused	MALAT1_A549_NGG_0011	0.44705882	0.34351468	67	0
Hsu2013_percentile	efficacy_focused	MALAT1_A549_NGG_0012	0.15294118	0.27298519	79	0
Hsu2013_percentile	efficacy_focused	MALAT1_A549_NGG_0013	0.31764706	0.31616169	72	0
Hsu2013_percentile	efficacy_focused	MALAT1_A549_NGG_0014	0.21176471	0.29019128	75	0
Hsu2013_percentile	efficacy_focused	MALAT1_A549_NGG_0015	0.98823529	0.4868089	37	0
Hsu2013_percentile	efficacy_focused	MALAT1_A549_NGG_0016	0.6	0.4072499	51	0
Hsu2013_percentile	efficacy_focused	MALAT1_A549_NGG_0017	0.68235294	0.42833831	47	0
Hsu2013_percentile	efficacy_focused	MALAT1_A549_NGG_0018	0.24705882	0.32401478	69	0
Hsu2013_percentile	efficacy_focused	MALAT1_A549_NGG_0019	0.11764706	0.29316169	73	0
Hsu2013_percentile	efficacy_focused	MALAT1_A549_NGG_0020	0.48235294	0.29033824	74	0
Hsu2013_percentile	efficacy_focused	MALAT1_A549_NGG_0021	0.45882353	0.39595586	55	0
Hsu2013_percentile	efficacy_focused	MALAT1_A549_NGG_0022	0.34117647	0.37054414	61	0
Hsu2013_percentile	efficacy_focused	MALAT1_A549_NGG_0023	0.38823529	0.3828088	60	0
Hsu2013_percentile	efficacy_focused	MALAT1_A549_NGG_0024	0.41176471	0.39169108	58	0
Hsu2013_percentile	efficacy_focused	MALAT1_A549_NGG_0025	0.08235294	0.21783819	85	0
Hsu2013_percentile	efficacy_focused	MALAT1_A549_NGG_0026	0.22352941	0.25363225	80	0
Hsu2013_percentile	efficacy_focused	MALAT1_A549_NGG_0027	0.67058824	0.36589713	63	0
Hsu2013_percentile	efficacy_focused	MALAT1_A549_NGG_0028	0.77647059	0.39286767	57	0
Hsu2013_percentile	efficacy_focused	MALAT1_A549_NGG_0029	0.57647059	0.34786762	65	0
Hsu2013_percentile	efficacy_focused	MALAT1_A549_NGG_0030	0.35294118	0.39648527	54	0
Hsu2013_percentile	efficacy_focused	MALAT1_A549_NGG_0031	0.09411765	0.24527939	82	0
Hsu2013_percentile	efficacy_focused	MALAT1_A549_NGG_0032	0.0	0.22224993	84	0
Hsu2013_percentile	efficacy_focused	MALAT1_A549_NGG_0033	0.04705882	0.24301463	83	0
Hsu2013_percentile	efficacy_focused	MALAT1_A549_NGG_0034	0.95294118	0.58898529	26	0
Hsu2013_percentile	efficacy_focused	MALAT1_A549_NGG_0035	0.18823529	0.32330875	70	0
Hsu2013_percentile	efficacy_focused	MALAT1_A549_NGG_0036	0.74117647	0.48204402	39	0
Hsu2013_percentile	efficacy_focused	MALAT1_A549_NGG_0037	0.32941176	0.38460297	59	0
Hsu2013_percentile	efficacy_focused	MALAT1_A549_NGG_0038	0.36470588	0.39692637	53	0
Hsu2013_percentile	efficacy_focused	MALAT1_A549_NGG_0039	0.58823529	0.4543088	43	0
Hsu2013_percentile	efficacy_focused	MALAT1_A549_NGG_0040	0.81176471	0.61169123	20	0
Hsu2013_percentile	efficacy_focused	MALAT1_A549_NGG_0041	0.91764706	0.64016184	15	0
Hsu2013_percentile	efficacy_focused	MALAT1_A549_NGG_0042	0.92941176	0.64360297	14	0
Hsu2013_percentile	efficacy_focused	MALAT1_A549_NGG_0043	0.78823529	0.60980892	21	0
Hsu2013_percentile	efficacy_focused	MALAT1_A549_NGG_0044	0.70588235	0.58972064	25	0
Hsu2013_percentile	efficacy_focused	MALAT1_A549_NGG_0045	0.82352941	0.8486324	4	1
Hsu2013_percentile	efficacy_focused	MALAT1_A549_NGG_0046	1.0	0.9	1	1
Hsu2013_percentile	efficacy_focused	MALAT1_A549_NGG_0047	0.85882353	0.86470588	3	1
Hsu2013_percentile	efficacy_focused	MALAT1_A549_NGG_0048	0.94117647	0.88529412	2	1
Hsu2013_percentile	efficacy_focused	MALAT1_A549_NGG_0049	0.96470588	0.79117647	5	0
Hsu2013_percentile	efficacy_focused	MALAT1_A549_NGG_0050	0.97647059	0.69411765	11	0
Hsu2013_percentile	efficacy_focused	MALAT1_A549_NGG_0051	0.69411765	0.72352941	8	0
Hsu2013_percentile	efficacy_focused	MALAT1_A549_NGG_0052	0.71764706	0.72941176	7	0
Hsu2013_percentile	efficacy_focused	MALAT1_A549_NGG_0053	0.8	0.75	6	0
Hsu2013_percentile	efficacy_focused	MALAT1_A549_NGG_0054	0.52941176	0.68235294	12	0
Hsu2013_percentile	efficacy_focused	MALAT1_A549_NGG_0055	0.65882353	0.71470588	9	0
Hsu2013_percentile	efficacy_focused	MALAT1_A549_NGG_0056	0.62352941	0.70588235	10	0
Hsu2013_percentile	efficacy_focused	MALAT1_A549_NGG_0057	0.29411765	0.62352941	18	0
Hsu2013_percentile	efficacy_focused	MALAT1_A549_NGG_0058	0.30588235	0.62647059	17	0
Hsu2013_percentile	efficacy_focused	MALAT1_A549_NGG_0059	0.23529412	0.60882353	22	0
Hsu2013_percentile	efficacy_focused	MALAT1_A549_NGG_0060	0.42352941	0.65588235	13	0
Hsu2013_percentile	efficacy_focused	MALAT1_A549_NGG_0061	0.27058824	0.61764706	19	0
Hsu2013_percentile	efficacy_focused	MALAT1_A549_NGG_0062	0.2	0.5	33	0
Hsu2013_percentile	efficacy_focused	MALAT1_A549_NGG_0063	0.05882353	0.46470588	41	0
Hsu2013_percentile	efficacy_focused	MALAT1_A549_NGG_0064	0.14117647	0.48529412	38	0
Hsu2013_percentile	efficacy_focused	MALAT1_A549_NGG_0065	0.03529412	0.45882353	42	0
Hsu2013_percentile	efficacy_focused	MALAT1_A549_NGG_0066	0.16470588	0.49117647	34	0
Hsu2013_percentile	efficacy_focused	MALAT1_A549_NGG_0067	0.49411765	0.54852941	28	0
Hsu2013_percentile	efficacy_focused	MALAT1_A549_NGG_0068	0.25882353	0.48970588	35	0
Hsu2013_percentile	efficacy_focused	MALAT1_A549_NGG_0069	0.01176471	0.42794118	48	0
Hsu2013_percentile	efficacy_focused	MALAT1_A549_NGG_0070	0.07058824	0.34264706	68	0
Hsu2013_percentile	efficacy_focused	MALAT1_A549_NGG_0071	0.83529412	0.63382353	16	1
Hsu2013_percentile	efficacy_focused	MALAT1_A549_NGG_0072	0.4	0.525	30	0
Hsu2013_percentile	efficacy_focused	MALAT1_A549_NGG_0073	0.02352941	0.32244485	71	0
Hsu2013_percentile	efficacy_focused	MALAT1_A549_NGG_0074	0.89411765	0.60296691	23	0
Hsu2013_percentile	efficacy_focused	MALAT1_A549_NGG_0075	0.50588235	0.50478309	32	0
Hsu2013_percentile	efficacy_focused	MALAT1_A549_NGG_0076	0.87058824	0.59483456	24	1
Hsu2013_percentile	efficacy_focused	MALAT1_A549_NGG_0077	0.56470588	0.51723897	31	0
Hsu2013_percentile	efficacy_focused	MALAT1_A549_NGG_0078	0.63529412	0.53376103	29	0
Hsu2013_percentile	efficacy_focused	MALAT1_A549_NGG_0079	0.75294118	0.55079779	27	0
Hsu2013_percentile	efficacy_focused	MALAT1_A549_NGG_0080	0.10588235	0.27665809	78	0
Hsu2013_percentile	efficacy_focused	MALAT1_A549_NGG_0081	0.17647059	0.25043015	81	0
Hsu2013_percentile	efficacy_focused	MALAT1_A549_NGG_0082	0.12941176	0.21616544	86	0
Hsu2013_percentile	efficacy_focused	MALAT1_A549_NGG_0083	0.54117647	0.28535662	76	0
Hsu2013_percentile	efficacy_focused	MALAT1_A549_NGG_0084	0.61176471	0.28162868	77	0
Hsu2013_percentile	efficacy_focused	MALAT1_A549_NGG_0085	0.90588235	0.44053309	44	0
Hsu2013_percentile	efficacy_focused	MALAT1_A549_NGG_0086	0.88235294	0.43352574	46	0
Hsu2013_percentile	safety_focused	MALAT1_A549_NGG_0001	0.64705882	0.69667325	7	0
Hsu2013_percentile	safety_focused	MALAT1_A549_NGG_0002	0.72941176	0.72160133	5	0
Hsu2013_percentile	safety_focused	MALAT1_A549_NGG_0003	0.43529412	0.63358824	17	0
Hsu2013_percentile	safety_focused	MALAT1_A549_NGG_0004	0.37647059	0.61616338	20	0
Hsu2013_percentile	safety_focused	MALAT1_A549_NGG_0005	0.28235294	0.59526148	23	0
Hsu2013_percentile	safety_focused	MALAT1_A549_NGG_0006	0.51764706	0.49151632	43	0
Hsu2013_percentile	safety_focused	MALAT1_A549_NGG_0007	0.84705882	0.59189545	25	0
Hsu2013_percentile	safety_focused	MALAT1_A549_NGG_0008	0.47058824	0.47917647	47	0
Hsu2013_percentile	safety_focused	MALAT1_A549_NGG_0009	0.55294118	0.50454905	39	0
Hsu2013_percentile	safety_focused	MALAT1_A549_NGG_0010	0.76470588	0.56830066	29	0
Hsu2013_percentile	safety_focused	MALAT1_A549_NGG_0011	0.44705882	0.47322875	50	0
Hsu2013_percentile	safety_focused	MALAT1_A549_NGG_0012	0.15294118	0.38632675	65	0
Hsu2013_percentile	safety_focused	MALAT1_A549_NGG_0013	0.31764706	0.43662742	56	0
Hsu2013_percentile	safety_focused	MALAT1_A549_NGG_0014	0.21176471	0.40508501	62	0
Hsu2013_percentile	safety_focused	MALAT1_A549_NGG_0015	0.98823529	0.63913729	16	0
Hsu2013_percentile	safety_focused	MALAT1_A549_NGG_0016	0.6	0.5304444	37	0
Hsu2013_percentile	safety_focused	MALAT1_A549_NGG_0017	0.68235294	0.55537258	33	0
Hsu2013_percentile	safety_focused	MALAT1_A549_NGG_0018	0.24705882	0.42678435	59	0
Hsu2013_percentile	safety_focused	MALAT1_A549_NGG_0019	0.11764706	0.38862742	64	0
Hsu2013_percentile	safety_focused	MALAT1_A549_NGG_0020	0.48235294	0.35070588	70	0
Hsu2013_percentile	safety_focused	MALAT1_A549_NGG_0021	0.45882353	0.49875816	41	0
Hsu2013_percentile	safety_focused	MALAT1_A549_NGG_0022	0.34117647	0.46524184	51	0
Hsu2013_percentile	safety_focused	MALAT1_A549_NGG_0023	0.38823529	0.47958169	46	0
Hsu2013_percentile	safety_focused	MALAT1_A549_NGG_0024	0.41176471	0.48797381	44	0
Hsu2013_percentile	safety_focused	MALAT1_A549_NGG_0025	0.08235294	0.24292808	82	0
Hsu2013_percentile	safety_focused	MALAT1_A549_NGG_0026	0.22352941	0.28550322	73	0
Hsu2013_percentile	safety_focused	MALAT1_A549_NGG_0027	0.67058824	0.41984317	61	0
Hsu2013_percentile	safety_focused	MALAT1_A549_NGG_0028	0.77647059	0.45183008	52	0
Hsu2013_percentile	safety_focused	MALAT1_A549_NGG_0029	0.57647059	0.39405228	63	0
Hsu2013_percentile	safety_focused	MALAT1_A549_NGG_0030	0.35294118	0.47899345	48	0
Hsu2013_percentile	safety_focused	MALAT1_A549_NGG_0031	0.09411765	0.25734639	78	0
Hsu2013_percentile	safety_focused	MALAT1_A549_NGG_0032	0.0	0.2293333	84	0
Hsu2013_percentile	safety_focused	MALAT1_A549_NGG_0033	0.04705882	0.24745095	81	0
Hsu2013_percentile	safety_focused	MALAT1_A549_NGG_0034	0.95294118	0.67788235	9	0
Hsu2013_percentile	safety_focused	MALAT1_A549_NGG_0035	0.18823529	0.30980389	71	0
Hsu2013_percentile	safety_focused	MALAT1_A549_NGG_0036	0.74117647	0.48479734	45	0
Hsu2013_percentile	safety_focused	MALAT1_A549_NGG_0037	0.32941176	0.36371243	68	0
Hsu2013_percentile	safety_focused	MALAT1_A549_NGG_0038	0.36470588	0.37585616	66	0
Hsu2013_percentile	safety_focused	MALAT1_A549_NGG_0039	0.58823529	0.44358169	53	0
Hsu2013_percentile	safety_focused	MALAT1_A549_NGG_0040	0.81176471	0.66130721	14	0
Hsu2013_percentile	safety_focused	MALAT1_A549_NGG_0041	0.91764706	0.69396082	8	0
Hsu2013_percentile	safety_focused	MALAT1_A549_NGG_0042	0.92941176	0.69771243	6	0
Hsu2013_percentile	safety_focused	MALAT1_A549_NGG_0043	0.78823529	0.65602619	15	0
Hsu2013_percentile	safety_focused	MALAT1_A549_NGG_0044	0.70588235	0.63154251	18	0
Hsu2013_percentile	safety_focused	MALAT1_A549_NGG_0045	0.82352941	0.76883662	4	1
Hsu2013_percentile	safety_focused	MALAT1_A549_NGG_0046	1.0	0.825	1	1
Hsu2013_percentile	safety_focused	MALAT1_A549_NGG_0047	0.85882353	0.78264706	3	1
Hsu2013_percentile	safety_focused	MALAT1_A549_NGG_0048	0.94117647	0.80735294	2	1
Hsu2013_percentile	safety_focused	MALAT1_A549_NGG_0049	0.96470588	0.66441176	13	0
Hsu2013_percentile	safety_focused	MALAT1_A549_NGG_0050	0.97647059	0.49294118	42	0
Hsu2013_percentile	safety_focused	MALAT1_A549_NGG_0051	0.69411765	0.55823529	31	0
Hsu2013_percentile	safety_focused	MALAT1_A549_NGG_0052	0.71764706	0.56529412	30	0
Hsu2013_percentile	safety_focused	MALAT1_A549_NGG_0053	0.8	0.59	26	0
Hsu2013_percentile	safety_focused	MALAT1_A549_NGG_0054	0.52941176	0.50882353	38	0
Hsu2013_percentile	safety_focused	MALAT1_A549_NGG_0055	0.65882353	0.54764706	34	0
Hsu2013_percentile	safety_focused	MALAT1_A549_NGG_0056	0.62352941	0.53705882	36	0
Hsu2013_percentile	safety_focused	MALAT1_A549_NGG_0057	0.29411765	0.43823529	55	0
Hsu2013_percentile	safety_focused	MALAT1_A549_NGG_0058	0.30588235	0.44176471	54	0
Hsu2013_percentile	safety_focused	MALAT1_A549_NGG_0059	0.23529412	0.42058824	60	0
Hsu2013_percentile	safety_focused	MALAT1_A549_NGG_0060	0.42352941	0.47705882	49	0
Hsu2013_percentile	safety_focused	MALAT1_A549_NGG_0061	0.27058824	0.43117647	57	0
Hsu2013_percentile	safety_focused	MALAT1_A549_NGG_0062	0.2	0.26	77	0
Hsu2013_percentile	safety_focused	MALAT1_A549_NGG_0063	0.05882353	0.21764706	85	0
Hsu2013_percentile	safety_focused	MALAT1_A549_NGG_0064	0.14117647	0.24235294	83	0
Hsu2013_percentile	safety_focused	MALAT1_A549_NGG_0065	0.03529412	0.21058824	86	0
Hsu2013_percentile	safety_focused	MALAT1_A549_NGG_0066	0.16470588	0.24941176	80	0
Hsu2013_percentile	safety_focused	MALAT1_A549_NGG_0067	0.49411765	0.57323529	27	0
Hsu2013_percentile	safety_focused	MALAT1_A549_NGG_0068	0.25882353	0.50264706	40	0
Hsu2013_percentile	safety_focused	MALAT1_A549_NGG_0069	0.01176471	0.42852941	58	0
Hsu2013_percentile	safety_focused	MALAT1_A549_NGG_0070	0.07058824	0.29617647	72	0
Hsu2013_percentile	safety_focused	MALAT1_A549_NGG_0071	0.83529412	0.67558824	10	1
Hsu2013_percentile	safety_focused	MALAT1_A549_NGG_0072	0.4	0.545	35	0
Hsu2013_percentile	safety_focused	MALAT1_A549_NGG_0073	0.02352941	0.27830882	74	0
Hsu2013_percentile	safety_focused	MALAT1_A549_NGG_0074	0.89411765	0.67298529	11	0
Hsu2013_percentile	safety_focused	MALAT1_A549_NGG_0075	0.50588235	0.55601471	32	0
Hsu2013_percentile	safety_focused	MALAT1_A549_NGG_0076	0.87058824	0.66492647	12	1
Hsu2013_percentile	safety_focused	MALAT1_A549_NGG_0077	0.56470588	0.57266176	28	0
Hsu2013_percentile	safety_focused	MALAT1_A549_NGG_0078	0.63529412	0.59333824	24	0
Hsu2013_percentile	safety_focused	MALAT1_A549_NGG_0079	0.75294118	0.62313235	19	0
Hsu2013_percentile	safety_focused	MALAT1_A549_NGG_0080	0.10588235	0.27351471	76	0
Hsu2013_percentile	safety_focused	MALAT1_A549_NGG_0081	0.17647059	0.27519118	75	0
Hsu2013_percentile	safety_focused	MALAT1_A549_NGG_0082	0.12941176	0.25107353	79	0
Hsu2013_percentile	safety_focused	MALAT1_A549_NGG_0083	0.54117647	0.35960294	69	0
Hsu2013_percentile	safety_focused	MALAT1_A549_NGG_0084	0.61176471	0.37127941	67	0
Hsu2013_percentile	safety_focused	MALAT1_A549_NGG_0085	0.90588235	0.60301471	21	0
Hsu2013_percentile	safety_focused	MALAT1_A549_NGG_0086	0.88235294	0.59545588	22	0
Doench_CFD_percentile	balanced	MALAT1_A549_NGG_0001	0.85882353	0.66853928	7	0
Doench_CFD_percentile	balanced	MALAT1_A549_NGG_0002	0.72941176	0.63651964	13	0
Doench_CFD_percentile	balanced	MALAT1_A549_NGG_0003	0.63529412	0.61332353	18	0
Doench_CFD_percentile	balanced	MALAT1_A549_NGG_0004	0.44705882	0.56659801	27	0
Doench_CFD_percentile	balanced	MALAT1_A549_NGG_0005	0.34117647	0.55112752	33	0
Doench_CFD_percentile	balanced	MALAT1_A549_NGG_0006	0.49411765	0.44036271	55	0
Doench_CFD_percentile	balanced	MALAT1_A549_NGG_0007	0.81176471	0.52210788	42	0
Doench_CFD_percentile	balanced	MALAT1_A549_NGG_0008	0.47058824	0.43714706	56	0
Doench_CFD_percentile	balanced	MALAT1_A549_NGG_0009	0.71764706	0.49991181	47	0
Doench_CFD_percentile	balanced	MALAT1_A549_NGG_0010	0.75294118	0.50906864	45	0
Doench_CFD_percentile	balanced	MALAT1_A549_NGG_0011	0.56470588	0.46234312	50	0
Doench_CFD_percentile	balanced	MALAT1_A549_NGG_0012	0.2	0.3731666	62	0
Doench_CFD_percentile	balanced	MALAT1_A549_NGG_0013	0.28235294	0.39508819	60	0
Doench_CFD_percentile	balanced	MALAT1_A549_NGG_0014	0.35294118	0.41306869	58	0
Doench_CFD_percentile	balanced	MALAT1_A549_NGG_0015	0.96470588	0.56767652	25	0
Doench_CFD_percentile	balanced	MALAT1_A549_NGG_0016	0.67058824	0.50581366	46	0
Doench_CFD_percentile	balanced	MALAT1_A549_NGG_0017	0.77647059	0.5326177	39	0
Doench_CFD_percentile	balanced	MALAT1_A549_NGG_0018	0.21176471	0.39444123	61	0
Doench_CFD_percentile	balanced	MALAT1_A549_NGG_0019	0.22352941	0.3983823	59	0
Doench_CFD_percentile	balanced	MALAT1_A549_NGG_0020	0.41176471	0.29944118	75	0
Doench_CFD_percentile	balanced	MALAT1_A549_NGG_0021	0.54117647	0.48946077	48	0
Doench_CFD_percentile	balanced	MALAT1_A549_NGG_0022	0.27058824	0.42448041	57	0
Doench_CFD_percentile	balanced	MALAT1_A549_NGG_0023	0.37647059	0.4512843	53	0
Doench_CFD_percentile	balanced	MALAT1_A549_NGG_0024	0.38823529	0.45622542	51	0
Doench_CFD_percentile	balanced	MALAT1_A549_NGG_0025	0.18823529	0.26189212	81	0
Doench_CFD_percentile	balanced	MALAT1_A549_NGG_0026	0.25882353	0.27987248	78	0
Doench_CFD_percentile	balanced	MALAT1_A549_NGG_0027	0.51764706	0.34491181	67	0
Doench_CFD_percentile	balanced	MALAT1_A549_NGG_0028	0.62352941	0.3717157	63	0
Doench_CFD_percentile	balanced	MALAT1_A549_NGG_0029	0.57647059	0.3632843	65	0
Doench_CFD_percentile	balanced	MALAT1_A549_NGG_0030	0.58823529	0.51922547	43	0
Doench_CFD_percentile	balanced	MALAT1_A549_NGG_0031	0.17647059	0.2752843	79	0
Doench_CFD_percentile	balanced	MALAT1_A549_NGG_0032	0.02352941	0.2373823	84	0
Doench_CFD_percentile	balanced	MALAT1_A549_NGG_0033	0.07058824	0.25514701	82	0
Doench_CFD_percentile	balanced	MALAT1_A549_NGG_0034	0.90588235	0.62697059	16	0
Doench_CFD_percentile	balanced	MALAT1_A549_NGG_0035	0.05882353	0.28220583	77	0
Doench_CFD_percentile	balanced	MALAT1_A549_NGG_0036	0.8	0.4811666	49	0
Doench_CFD_percentile	balanced	MALAT1_A549_NGG_0037	0.30588235	0.36130394	66	0
Doench_CFD_percentile	balanced	MALAT1_A549_NGG_0038	0.31764706	0.36657836	64	0
Doench_CFD_percentile	balanced	MALAT1_A549_NGG_0039	0.61176471	0.44110783	54	0
Doench_CFD_percentile	balanced	MALAT1_A549_NGG_0040	0.65882353	0.60387258	20	0
Doench_CFD_percentile	balanced	MALAT1_A549_NGG_0041	0.83529412	0.64932358	10	0
Doench_CFD_percentile	balanced	MALAT1_A549_NGG_0042	0.84705882	0.65259806	9	0
Doench_CFD_percentile	balanced	MALAT1_A549_NGG_0043	0.78823529	0.63889222	12	0
Doench_CFD_percentile	balanced	MALAT1_A549_NGG_0044	0.48235294	0.56275494	29	0
Doench_CFD_percentile	balanced	MALAT1_A549_NGG_0045	0.16470588	0.63634317	14	1
Doench_CFD_percentile	balanced	MALAT1_A549_NGG_0046	1.0	0.85	1	1
Doench_CFD_percentile	balanced	MALAT1_A549_NGG_0047	0.87058824	0.81764706	3	1
Doench_CFD_percentile	balanced	MALAT1_A549_NGG_0048	0.95294118	0.83823529	2	1
Doench_CFD_percentile	balanced	MALAT1_A549_NGG_0049	0.97647059	0.69411765	4	0
Doench_CFD_percentile	balanced	MALAT1_A549_NGG_0050	0.98823529	0.54705882	35	0
Doench_CFD_percentile	balanced	MALAT1_A549_NGG_0051	0.55294118	0.58823529	22	0
Doench_CFD_percentile	balanced	MALAT1_A549_NGG_0052	0.91764706	0.67941176	5	0
Doench_CFD_percentile	balanced	MALAT1_A549_NGG_0053	0.88235294	0.67058824	6	0
Doench_CFD_percentile	balanced	MALAT1_A549_NGG_0054	0.64705882	0.61176471	19	0
Doench_CFD_percentile	balanced	MALAT1_A549_NGG_0055	0.76470588	0.64117647	11	0
Doench_CFD_percentile	balanced	MALAT1_A549_NGG_0056	0.50588235	0.57647059	24	0
Doench_CFD_percentile	balanced	MALAT1_A549_NGG_0057	0.43529412	0.55882353	30	0
Doench_CFD_percentile	balanced	MALAT1_A549_NGG_0058	0.42352941	0.55588235	31	0
Doench_CFD_percentile	balanced	MALAT1_A549_NGG_0059	0.32941176	0.53235294	40	0
Doench_CFD_percentile	balanced	MALAT1_A549_NGG_0060	0.36470588	0.54117647	36	0
Doench_CFD_percentile	balanced	MALAT1_A549_NGG_0061	0.24705882	0.51176471	44	0
Doench_CFD_percentile	balanced	MALAT1_A549_NGG_0062	0.10588235	0.32647059	73	0
Doench_CFD_percentile	balanced	MALAT1_A549_NGG_0063	0.12941176	0.33235294	71	0
Doench_CFD_percentile	balanced	MALAT1_A549_NGG_0064	0.15294118	0.33823529	69	0
Doench_CFD_percentile	balanced	MALAT1_A549_NGG_0065	0.04705882	0.31176471	74	0
Doench_CFD_percentile	balanced	MALAT1_A549_NGG_0066	0.14117647	0.33529412	70	0
Doench_CFD_percentile	balanced	MALAT1_A549_NGG_0067	0.45882353	0.56470588	28	0
Doench_CFD_percentile	balanced	MALAT1_A549_NGG_0068	0.29411765	0.52352941	41	0
Doench_CFD_percentile	balanced	MALAT1_A549_NGG_0069	0.01176471	0.45294118	52	0
Doench_CFD_percentile	balanced	MALAT1_A549_NGG_0070	0.11764706	0.32941176	72	0
Doench_CFD_percentile	balanced	MALAT1_A549_NGG_0071	0.74117647	0.63529412	15	1
Doench_CFD_percentile	balanced	MALAT1_A549_NGG_0072	0.4	0.55	34	0
Doench_CFD_percentile	balanced	MALAT1_A549_NGG_0073	0.0	0.294375	76	0
Doench_CFD_percentile	balanced	MALAT1_A549_NGG_0074	0.94117647	0.65491912	8	0
Doench_CFD_percentile	balanced	MALAT1_A549_NGG_0075	0.52941176	0.55122794	32	0
Doench_CFD_percentile	balanced	MALAT1_A549_NGG_0076	0.82352941	0.62400735	17	1
Doench_CFD_percentile	balanced	MALAT1_A549_NGG_0077	0.70588235	0.59384559	21	0
Doench_CFD_percentile	balanced	MALAT1_A549_NGG_0078	0.6	0.566625	26	0
Doench_CFD_percentile	balanced	MALAT1_A549_NGG_0079	0.68235294	0.57896324	23	0
Doench_CFD_percentile	balanced	MALAT1_A549_NGG_0080	0.09411765	0.27365441	80	0
Doench_CFD_percentile	balanced	MALAT1_A549_NGG_0081	0.03529412	0.22969853	85	0
Doench_CFD_percentile	balanced	MALAT1_A549_NGG_0082	0.08235294	0.22646324	86	0
Doench_CFD_percentile	balanced	MALAT1_A549_NGG_0083	0.23529412	0.24219853	83	0
Doench_CFD_percentile	balanced	MALAT1_A549_NGG_0084	0.69411765	0.34265441	68	0
Doench_CFD_percentile	balanced	MALAT1_A549_NGG_0085	0.89411765	0.53290441	38	0
Doench_CFD_percentile	balanced	MALAT1_A549_NGG_0086	0.92941176	0.54097794	37	0
Doench_CFD_percentile	efficacy_focused	MALAT1_A549_NGG_0001	0.85882353	0.52045598	32	0
Doench_CFD_percentile	efficacy_focused	MALAT1_A549_NGG_0002	0.72941176	0.48860299	36	0
Doench_CFD_percentile	efficacy_focused	MALAT1_A549_NGG_0003	0.63529412	0.46557353	42	0
Doench_CFD_percentile	efficacy_focused	MALAT1_A549_NGG_0004	0.44705882	0.41901466	53	0
Doench_CFD_percentile	efficacy_focused	MALAT1_A549_NGG_0005	0.34117647	0.40904422	56	0
Doench_CFD_percentile	efficacy_focused	MALAT1_A549_NGG_0006	0.49411765	0.34877936	65	0
Doench_CFD_percentile	efficacy_focused	MALAT1_A549_NGG_0007	0.81176471	0.43169123	49	0
Doench_CFD_percentile	efficacy_focused	MALAT1_A549_NGG_0008	0.47058824	0.34689706	67	0
Doench_CFD_percentile	efficacy_focused	MALAT1_A549_NGG_0009	0.71764706	0.41016184	55	0
Doench_CFD_percentile	efficacy_focused	MALAT1_A549_NGG_0010	0.75294118	0.41948532	52	0
Doench_CFD_percentile	efficacy_focused	MALAT1_A549_NGG_0011	0.56470588	0.37292645	61	0
Doench_CFD_percentile	efficacy_focused	MALAT1_A549_NGG_0012	0.2	0.2847499	76	0
Doench_CFD_percentile	efficacy_focused	MALAT1_A549_NGG_0013	0.28235294	0.30733816	73	0
Doench_CFD_percentile	efficacy_focused	MALAT1_A549_NGG_0014	0.35294118	0.32548539	69	0
Doench_CFD_percentile	efficacy_focused	MALAT1_A549_NGG_0015	0.96470588	0.48092655	40	0
Doench_CFD_percentile	efficacy_focused	MALAT1_A549_NGG_0016	0.67058824	0.42489696	51	0
Doench_CFD_percentile	efficacy_focused	MALAT1_A549_NGG_0017	0.77647059	0.45186772	46	0
Doench_CFD_percentile	efficacy_focused	MALAT1_A549_NGG_0018	0.21176471	0.31519125	72	0
Doench_CFD_percentile	efficacy_focused	MALAT1_A549_NGG_0019	0.22352941	0.31963228	70	0
Doench_CFD_percentile	efficacy_focused	MALAT1_A549_NGG_0020	0.41176471	0.27269118	78	0
Doench_CFD_percentile	efficacy_focused	MALAT1_A549_NGG_0021	0.54117647	0.41654409	54	0
Doench_CFD_percentile	efficacy_focused	MALAT1_A549_NGG_0022	0.27058824	0.35289708	64	0
Doench_CFD_percentile	efficacy_focused	MALAT1_A549_NGG_0023	0.37647059	0.37986762	59	0
Doench_CFD_percentile	efficacy_focused	MALAT1_A549_NGG_0024	0.38823529	0.38580872	57	0
Doench_CFD_percentile	efficacy_focused	MALAT1_A549_NGG_0025	0.18823529	0.24430877	82	0
Doench_CFD_percentile	efficacy_focused	MALAT1_A549_NGG_0026	0.25882353	0.26245578	80	0
Doench_CFD_percentile	efficacy_focused	MALAT1_A549_NGG_0027	0.51764706	0.32766184	68	0
Doench_CFD_percentile	efficacy_focused	MALAT1_A549_NGG_0028	0.62352941	0.35463238	62	0
Doench_CFD_percentile	efficacy_focused	MALAT1_A549_NGG_0029	0.57647059	0.34786762	66	0
Doench_CFD_percentile	efficacy_focused	MALAT1_A549_NGG_0030	0.58823529	0.4553088	45	0
Doench_CFD_percentile	efficacy_focused	MALAT1_A549_NGG_0031	0.17647059	0.26586762	79	0
Doench_CFD_percentile	efficacy_focused	MALAT1_A549_NGG_0032	0.02352941	0.22813228	83	0
Doench_CFD_percentile	efficacy_focused	MALAT1_A549_NGG_0033	0.07058824	0.24889698	81	0
Doench_CFD_percentile	efficacy_focused	MALAT1_A549_NGG_0034	0.90588235	0.57722059	24	0
Doench_CFD_percentile	efficacy_focused	MALAT1_A549_NGG_0035	0.05882353	0.29095581	75	0
Doench_CFD_percentile	efficacy_focused	MALAT1_A549_NGG_0036	0.8	0.4967499	35	0
Doench_CFD_percentile	efficacy_focused	MALAT1_A549_NGG_0037	0.30588235	0.37872061	60	0
Doench_CFD_percentile	efficacy_focused	MALAT1_A549_NGG_0038	0.31764706	0.38516166	58	0
Doench_CFD_percentile	efficacy_focused	MALAT1_A549_NGG_0039	0.61176471	0.46019115	44	0
Doench_CFD_percentile	efficacy_focused	MALAT1_A549_NGG_0040	0.65882353	0.57345593	25	0
Doench_CFD_percentile	efficacy_focused	MALAT1_A549_NGG_0041	0.83529412	0.6195736	18	0
Doench_CFD_percentile	efficacy_focused	MALAT1_A549_NGG_0042	0.84705882	0.62301473	17	0
Doench_CFD_percentile	efficacy_focused	MALAT1_A549_NGG_0043	0.78823529	0.60980892	22	0
Doench_CFD_percentile	efficacy_focused	MALAT1_A549_NGG_0044	0.48235294	0.53383829	28	0
Doench_CFD_percentile	efficacy_focused	MALAT1_A549_NGG_0045	0.16470588	0.68392652	11	1
Doench_CFD_percentile	efficacy_focused	MALAT1_A549_NGG_0046	1.0	0.9	1	1
Doench_CFD_percentile	efficacy_focused	MALAT1_A549_NGG_0047	0.87058824	0.86764706	3	1
Doench_CFD_percentile	efficacy_focused	MALAT1_A549_NGG_0048	0.95294118	0.88823529	2	1
Doench_CFD_percentile	efficacy_focused	MALAT1_A549_NGG_0049	0.97647059	0.79411765	4	0
Doench_CFD_percentile	efficacy_focused	MALAT1_A549_NGG_0050	0.98823529	0.69705882	9	0
Doench_CFD_percentile	efficacy_focused	MALAT1_A549_NGG_0051	0.55294118	0.68823529	10	0
Doench_CFD_percentile	efficacy_focused	MALAT1_A549_NGG_0052	0.91764706	0.77941176	5	0
Doench_CFD_percentile	efficacy_focused	MALAT1_A549_NGG_0053	0.88235294	0.77058824	6	0
Doench_CFD_percentile	efficacy_focused	MALAT1_A549_NGG_0054	0.64705882	0.71176471	8	0
Doench_CFD_percentile	efficacy_focused	MALAT1_A549_NGG_0055	0.76470588	0.74117647	7	0
Doench_CFD_percentile	efficacy_focused	MALAT1_A549_NGG_0056	0.50588235	0.67647059	12	0
Doench_CFD_percentile	efficacy_focused	MALAT1_A549_NGG_0057	0.43529412	0.65882353	13	0
Doench_CFD_percentile	efficacy_focused	MALAT1_A549_NGG_0058	0.42352941	0.65588235	14	0
Doench_CFD_percentile	efficacy_focused	MALAT1_A549_NGG_0059	0.32941176	0.63235294	16	0
Doench_CFD_percentile	efficacy_focused	MALAT1_A549_NGG_0060	0.36470588	0.64117647	15	0
Doench_CFD_percentile	efficacy_focused	MALAT1_A549_NGG_0061	0.24705882	0.61176471	20	0
Doench_CFD_percentile	efficacy_focused	MALAT1_A549_NGG_0062	0.10588235	0.47647059	41	0
Doench_CFD_percentile	efficacy_focused	MALAT1_A549_NGG_0063	0.12941176	0.48235294	39	0
Doench_CFD_percentile	efficacy_focused	MALAT1_A549_NGG_0064	0.15294118	0.48823529	37	0
Doench_CFD_percentile	efficacy_focused	MALAT1_A549_NGG_0065	0.04705882	0.46176471	43	0
Doench_CFD_percentile	efficacy_focused	MALAT1_A549_NGG_0066	0.14117647	0.48529412	38	0
Doench_CFD_percentile	efficacy_focused	MALAT1_A549_NGG_0067	0.45882353	0.53970588	27	0
Doench_CFD_percentile	efficacy_focused	MALAT1_A549_NGG_0068	0.29411765	0.49852941	34	0
Doench_CFD_percentile	efficacy_focused	MALAT1_A549_NGG_0069	0.01176471	0.42794118	50	0
Doench_CFD_percentile	efficacy_focused	MALAT1_A549_NGG_0070	0.11764706	0.35441176	63	0
Doench_CFD_percentile	efficacy_focused	MALAT1_A549_NGG_0071	0.74117647	0.61029412	21	1
Doench_CFD_percentile	efficacy_focused	MALAT1_A549_NGG_0072	0.4	0.525	30	0
Doench_CFD_percentile	efficacy_focused	MALAT1_A549_NGG_0073	0.0	0.3165625	71	0
Doench_CFD_percentile	efficacy_focused	MALAT1_A549_NGG_0074	0.94117647	0.61473162	19	0
Doench_CFD_percentile	efficacy_focused	MALAT1_A549_NGG_0075	0.52941176	0.51066544	33	0
Doench_CFD_percentile	efficacy_focused	MALAT1_A549_NGG_0076	0.82352941	0.58306985	23	1
Doench_CFD_percentile	efficacy_focused	MALAT1_A549_NGG_0077	0.70588235	0.55253309	26	0
Doench_CFD_percentile	efficacy_focused	MALAT1_A549_NGG_0078	0.6	0.5249375	31	0
Doench_CFD_percentile	efficacy_focused	MALAT1_A549_NGG_0079	0.68235294	0.53315074	29	0
Doench_CFD_percentile	efficacy_focused	MALAT1_A549_NGG_0080	0.09411765	0.27371691	77	0
Doench_CFD_percentile	efficacy_focused	MALAT1_A549_NGG_0081	0.03529412	0.21513603	84	0
Doench_CFD_percentile	efficacy_focused	MALAT1_A549_NGG_0082	0.08235294	0.20440074	86	0
Doench_CFD_percentile	efficacy_focused	MALAT1_A549_NGG_0083	0.23529412	0.20888603	85	0
Doench_CFD_percentile	efficacy_focused	MALAT1_A549_NGG_0084	0.69411765	0.30221691	74	0
Doench_CFD_percentile	efficacy_focused	MALAT1_A549_NGG_0085	0.89411765	0.43759191	48	0
Doench_CFD_percentile	efficacy_focused	MALAT1_A549_NGG_0086	0.92941176	0.44529044	47	0
Doench_CFD_percentile	safety_focused	MALAT1_A549_NGG_0001	0.85882353	0.76020266	4	0
Doench_CFD_percentile	safety_focused	MALAT1_A549_NGG_0002	0.72941176	0.72160133	5	0
Doench_CFD_percentile	safety_focused	MALAT1_A549_NGG_0003	0.63529412	0.69358824	6	0
Doench_CFD_percentile	safety_focused	MALAT1_A549_NGG_0004	0.44705882	0.63733985	15	0
Doench_CFD_percentile	safety_focused	MALAT1_A549_NGG_0005	0.34117647	0.61290854	21	0
Doench_CFD_percentile	safety_focused	MALAT1_A549_NGG_0006	0.49411765	0.48445749	46	0
Doench_CFD_percentile	safety_focused	MALAT1_A549_NGG_0007	0.81176471	0.58130721	27	0
Doench_CFD_percentile	safety_focused	MALAT1_A549_NGG_0008	0.47058824	0.47917647	49	0
Doench_CFD_percentile	safety_focused	MALAT1_A549_NGG_0009	0.71764706	0.55396082	34	0
Doench_CFD_percentile	safety_focused	MALAT1_A549_NGG_0010	0.75294118	0.56477125	30	0
Doench_CFD_percentile	safety_focused	MALAT1_A549_NGG_0011	0.56470588	0.50852286	42	0
Doench_CFD_percentile	safety_focused	MALAT1_A549_NGG_0012	0.2	0.4004444	63	0
Doench_CFD_percentile	safety_focused	MALAT1_A549_NGG_0013	0.28235294	0.42603918	58	0
Doench_CFD_percentile	safety_focused	MALAT1_A549_NGG_0014	0.35294118	0.44743795	55	0
Doench_CFD_percentile	safety_focused	MALAT1_A549_NGG_0015	0.96470588	0.63207846	16	0
Doench_CFD_percentile	safety_focused	MALAT1_A549_NGG_0016	0.67058824	0.55162087	35	0
Doench_CFD_percentile	safety_focused	MALAT1_A549_NGG_0017	0.77647059	0.58360788	25	0
Doench_CFD_percentile	safety_focused	MALAT1_A549_NGG_0018	0.21176471	0.41619611	61	0
Doench_CFD_percentile	safety_focused	MALAT1_A549_NGG_0019	0.22352941	0.42039212	60	0
Doench_CFD_percentile	safety_focused	MALAT1_A549_NGG_0020	0.41176471	0.32952941	69	0
Doench_CFD_percentile	safety_focused	MALAT1_A549_NGG_0021	0.54117647	0.52346404	39	0
Doench_CFD_percentile	safety_focused	MALAT1_A549_NGG_0022	0.27058824	0.44406537	56	0
Doench_CFD_percentile	safety_focused	MALAT1_A549_NGG_0023	0.37647059	0.47605228	51	0
Doench_CFD_percentile	safety_focused	MALAT1_A549_NGG_0024	0.38823529	0.48091499	47	0
Doench_CFD_percentile	safety_focused	MALAT1_A549_NGG_0025	0.18823529	0.27469279	73	0
Doench_CFD_percentile	safety_focused	MALAT1_A549_NGG_0026	0.25882353	0.29609146	71	0
Doench_CFD_percentile	safety_focused	MALAT1_A549_NGG_0027	0.51764706	0.37396082	66	0
Doench_CFD_percentile	safety_focused	MALAT1_A549_NGG_0028	0.62352941	0.40594772	62	0
Doench_CFD_percentile	safety_focused	MALAT1_A549_NGG_0029	0.57647059	0.39405228	65	0
Doench_CFD_percentile	safety_focused	MALAT1_A549_NGG_0030	0.58823529	0.54958169	36	0
Doench_CFD_percentile	safety_focused	MALAT1_A549_NGG_0031	0.17647059	0.28205228	72	0
Doench_CFD_percentile	safety_focused	MALAT1_A549_NGG_0032	0.02352941	0.23639212	83	0
Doench_CFD_percentile	safety_focused	MALAT1_A549_NGG_0033	0.07058824	0.25450977	78	0
Doench_CFD_percentile	safety_focused	MALAT1_A549_NGG_0034	0.90588235	0.66376471	11	0
Doench_CFD_percentile	safety_focused	MALAT1_A549_NGG_0035	0.05882353	0.27098036	75	0
Doench_CFD_percentile	safety_focused	MALAT1_A549_NGG_0036	0.8	0.5024444	43	0
Doench_CFD_percentile	safety_focused	MALAT1_A549_NGG_0037	0.30588235	0.35665361	68	0
Doench_CFD_percentile	safety_focused	MALAT1_A549_NGG_0038	0.31764706	0.36173852	67	0
Doench_CFD_percentile	safety_focused	MALAT1_A549_NGG_0039	0.61176471	0.45064051	53	0
Doench_CFD_percentile	safety_focused	MALAT1_A549_NGG_0040	0.65882353	0.61542486	18	0
Doench_CFD_percentile	safety_focused	MALAT1_A549_NGG_0041	0.83529412	0.66925494	9	0
Doench_CFD_percentile	safety_focused	MALAT1_A549_NGG_0042	0.84705882	0.67300655	8	0
Doench_CFD_percentile	safety_focused	MALAT1_A549_NGG_0043	0.78823529	0.65602619	12	0
Doench_CFD_percentile	safety_focused	MALAT1_A549_NGG_0044	0.48235294	0.56448368	31	0
Doench_CFD_percentile	safety_focused	MALAT1_A549_NGG_0045	0.16470588	0.57118956	29	1
Doench_CFD_percentile	safety_focused	MALAT1_A549_NGG_0046	1.0	0.825	1	1
Doench_CFD_percentile	safety_focused	MALAT1_A549_NGG_0047	0.87058824	0.78617647	3	1
Doench_CFD_percentile	safety_focused	MALAT1_A549_NGG_0048	0.95294118	0.81088235	2	1
Doench_CFD_percentile	safety_focused	MALAT1_A549_NGG_0049	0.97647059	0.66794118	10	0
Doench_CFD_percentile	safety_focused	MALAT1_A549_NGG_0050	0.98823529	0.49647059	45	0
Doench_CFD_percentile	safety_focused	MALAT1_A549_NGG_0051	0.55294118	0.51588235	40	0
Doench_CFD_percentile	safety_focused	MALAT1_A549_NGG_0052	0.91764706	0.62529412	17	0
Doench_CFD_percentile	safety_focused	MALAT1_A549_NGG_0053	0.88235294	0.61470588	20	0
Doench_CFD_percentile	safety_focused	MALAT1_A549_NGG_0054	0.64705882	0.54411765	38	0
Doench_CFD_percentile	safety_focused	MALAT1_A549_NGG_0055	0.76470588	0.57941176	28	0
Doench_CFD_percentile	safety_focused	MALAT1_A549_NGG_0056	0.50588235	0.50176471	44	0
Doench_CFD_percentile	safety_focused	MALAT1_A549_NGG_0057	0.43529412	0.48058824	48	0
Doench_CFD_percentile	safety_focused	MALAT1_A549_NGG_0058	0.42352941	0.47705882	50	0
Doench_CFD_percentile	safety_focused	MALAT1_A549_NGG_0059	0.32941176	0.44882353	54	0
Doench_CFD_percentile	safety_focused	MALAT1_A549_NGG_0060	0.36470588	0.45941176	52	0
Doench_CFD_percentile	safety_focused	MALAT1_A549_NGG_0061	0.24705882	0.42411765	59	0
Doench_CFD_percentile	safety_focused	MALAT1_A549_NGG_0062	0.10588235	0.23176471	85	0
Doench_CFD_percentile	safety_focused	MALAT1_A549_NGG_0063	0.12941176	0.23882353	81	0
Doench_CFD_percentile	safety_focused	MALAT1_A549_NGG_0064	0.15294118	0.24588235	79	0
Doench_CFD_percentile	safety_focused	MALAT1_A549_NGG_0065	0.04705882	0.21411765	86	0
Doench_CFD_percentile	safety_focused	MALAT1_A549_NGG_0066	0.14117647	0.24235294	80	0
Doench_CFD_percentile	safety_focused	MALAT1_A549_NGG_0067	0.45882353	0.56264706	33	0
Doench_CFD_percentile	safety_focused	MALAT1_A549_NGG_0068	0.29411765	0.51323529	41	0
Doench_CFD_percentile	safety_focused	MALAT1_A549_NGG_0069	0.01176471	0.42852941	57	0
Doench_CFD_percentile	safety_focused	MALAT1_A549_NGG_0070	0.11764706	0.31029412	70	0
Doench_CFD_percentile	safety_focused	MALAT1_A549_NGG_0071	0.74117647	0.64735294	14	1
Doench_CFD_percentile	safety_focused	MALAT1_A549_NGG_0072	0.4	0.545	37	0
Doench_CFD_percentile	safety_focused	MALAT1_A549_NGG_0073	0.0	0.27125	74	0
Doench_CFD_percentile	safety_focused	MALAT1_A549_NGG_0074	0.94117647	0.68710294	7	0
Doench_CFD_percentile	safety_focused	MALAT1_A549_NGG_0075	0.52941176	0.56307353	32	0
Doench_CFD_percentile	safety_focused	MALAT1_A549_NGG_0076	0.82352941	0.65080882	13	1
Doench_CFD_percentile	safety_focused	MALAT1_A549_NGG_0077	0.70588235	0.61501471	19	0
Doench_CFD_percentile	safety_focused	MALAT1_A549_NGG_0078	0.6	0.58275	26	0
Doench_CFD_percentile	safety_focused	MALAT1_A549_NGG_0079	0.68235294	0.60195588	23	0
Doench_CFD_percentile	safety_focused	MALAT1_A549_NGG_0080	0.09411765	0.26998529	76	0
Doench_CFD_percentile	safety_focused	MALAT1_A549_NGG_0081	0.03529412	0.23283824	84	0
Doench_CFD_percentile	safety_focused	MALAT1_A549_NGG_0082	0.08235294	0.23695588	82	0
Doench_CFD_percentile	safety_focused	MALAT1_A549_NGG_0083	0.23529412	0.26783824	77	0
Doench_CFD_percentile	safety_focused	MALAT1_A549_NGG_0084	0.69411765	0.39598529	64	0
Doench_CFD_percentile	safety_focused	MALAT1_A549_NGG_0085	0.89411765	0.59948529	24	0
Doench_CFD_percentile	safety_focused	MALAT1_A549_NGG_0086	0.92941176	0.60957353	22	0
three_model_mean_percentile	balanced	MALAT1_A549_NGG_0001	0.72941176	0.63618634	14	0
three_model_mean_percentile	balanced	MALAT1_A549_NGG_0002	0.68627451	0.62573533	16	0
three_model_mean_percentile	balanced	MALAT1_A549_NGG_0003	0.52156863	0.58489216	24	0
three_model_mean_percentile	balanced	MALAT1_A549_NGG_0004	0.40784314	0.55679408	29	0
three_model_mean_percentile	balanced	MALAT1_A549_NGG_0005	0.29803922	0.5403432	33	0
three_model_mean_percentile	balanced	MALAT1_A549_NGG_0006	0.45882353	0.43153918	56	0
three_model_mean_percentile	balanced	MALAT1_A549_NGG_0007	0.8	0.5191667	39	0
three_model_mean_percentile	balanced	MALAT1_A549_NGG_0008	0.48235294	0.44008824	54	0
three_model_mean_percentile	balanced	MALAT1_A549_NGG_0009	0.56078431	0.46069613	51	0
three_model_mean_percentile	balanced	MALAT1_A549_NGG_0010	0.7372549	0.50514708	44	0
three_model_mean_percentile	balanced	MALAT1_A549_NGG_0011	0.43529412	0.42999018	57	0
three_model_mean_percentile	balanced	MALAT1_A549_NGG_0012	0.17647059	0.36728425	66	0
three_model_mean_percentile	balanced	MALAT1_A549_NGG_0013	0.30588235	0.40097054	59	0
three_model_mean_percentile	balanced	MALAT1_A549_NGG_0014	0.26666667	0.39150007	61	0
three_model_mean_percentile	balanced	MALAT1_A549_NGG_0015	0.98431373	0.57257848	25	0
three_model_mean_percentile	balanced	MALAT1_A549_NGG_0016	0.63137255	0.49600974	45	0
three_model_mean_percentile	balanced	MALAT1_A549_NGG_0017	0.72156863	0.51889221	40	0
three_model_mean_percentile	balanced	MALAT1_A549_NGG_0018	0.21568627	0.39542162	60	0
three_model_mean_percentile	balanced	MALAT1_A549_NGG_0019	0.16862745	0.38465681	62	0
three_model_mean_percentile	balanced	MALAT1_A549_NGG_0020	0.45098039	0.3092451	75	0
three_model_mean_percentile	balanced	MALAT1_A549_NGG_0021	0.49411765	0.47769606	48	0
three_model_mean_percentile	balanced	MALAT1_A549_NGG_0022	0.38431373	0.45291178	52	0
three_model_mean_percentile	balanced	MALAT1_A549_NGG_0023	0.44313725	0.46795096	50	0
three_model_mean_percentile	balanced	MALAT1_A549_NGG_0024	0.47843137	0.47877444	47	0
three_model_mean_percentile	balanced	MALAT1_A549_NGG_0025	0.13333333	0.24816663	84	0
three_model_mean_percentile	balanced	MALAT1_A549_NGG_0026	0.27058824	0.28281366	79	0
three_model_mean_percentile	balanced	MALAT1_A549_NGG_0027	0.64705882	0.37726476	63	0
three_model_mean_percentile	balanced	MALAT1_A549_NGG_0028	0.78823529	0.41289217	58	0
three_model_mean_percentile	balanced	MALAT1_A549_NGG_0029	0.56078431	0.35936273	67	0
three_model_mean_percentile	balanced	MALAT1_A549_NGG_0030	0.43137255	0.48000979	46	0
three_model_mean_percentile	balanced	MALAT1_A549_NGG_0031	0.1372549	0.26548038	81	0
three_model_mean_percentile	balanced	MALAT1_A549_NGG_0032	0.01960784	0.23640191	85	0
three_model_mean_percentile	balanced	MALAT1_A549_NGG_0033	0.05490196	0.25122544	83	0
three_model_mean_percentile	balanced	MALAT1_A549_NGG_0034	0.87843137	0.62010784	18	0
three_model_mean_percentile	balanced	MALAT1_A549_NGG_0035	0.09019608	0.29004897	78	0
three_model_mean_percentile	balanced	MALAT1_A549_NGG_0036	0.75294118	0.46940189	49	0
three_model_mean_percentile	balanced	MALAT1_A549_NGG_0037	0.34117647	0.37012747	65	0
three_model_mean_percentile	balanced	MALAT1_A549_NGG_0038	0.34117647	0.37246072	64	0
three_model_mean_percentile	balanced	MALAT1_A549_NGG_0039	0.58431373	0.43424508	55	0
three_model_mean_percentile	balanced	MALAT1_A549_NGG_0040	0.76078431	0.62936278	15	0
three_model_mean_percentile	balanced	MALAT1_A549_NGG_0041	0.85882353	0.65520593	9	0
three_model_mean_percentile	balanced	MALAT1_A549_NGG_0042	0.90196078	0.66632355	6	0
three_model_mean_percentile	balanced	MALAT1_A549_NGG_0043	0.80784314	0.64379418	11	0
three_model_mean_percentile	balanced	MALAT1_A549_NGG_0044	0.61960784	0.59706866	21	0
three_model_mean_percentile	balanced	MALAT1_A549_NGG_0045	0.61960784	0.75006866	4	1
three_model_mean_percentile	balanced	MALAT1_A549_NGG_0046	0.99215686	0.84803922	1	1
three_model_mean_percentile	balanced	MALAT1_A549_NGG_0047	0.89019608	0.82254902	3	1
three_model_mean_percentile	balanced	MALAT1_A549_NGG_0048	0.91764706	0.82941176	2	1
three_model_mean_percentile	balanced	MALAT1_A549_NGG_0049	0.94509804	0.68627451	5	0
three_model_mean_percentile	balanced	MALAT1_A549_NGG_0050	0.94901961	0.5372549	35	0
three_model_mean_percentile	balanced	MALAT1_A549_NGG_0051	0.63529412	0.60882353	19	0
three_model_mean_percentile	balanced	MALAT1_A549_NGG_0052	0.80784314	0.65196078	10	0
three_model_mean_percentile	balanced	MALAT1_A549_NGG_0053	0.83921569	0.65980392	7	0
three_model_mean_percentile	balanced	MALAT1_A549_NGG_0054	0.59607843	0.59901961	20	0
three_model_mean_percentile	balanced	MALAT1_A549_NGG_0055	0.69019608	0.62254902	17	0
three_model_mean_percentile	balanced	MALAT1_A549_NGG_0056	0.56862745	0.59215686	23	0
three_model_mean_percentile	balanced	MALAT1_A549_NGG_0057	0.36862745	0.54215686	32	0
three_model_mean_percentile	balanced	MALAT1_A549_NGG_0058	0.4	0.55	31	0
three_model_mean_percentile	balanced	MALAT1_A549_NGG_0059	0.28235294	0.52058824	38	0
three_model_mean_percentile	balanced	MALAT1_A549_NGG_0060	0.40784314	0.55196078	30	0
three_model_mean_percentile	balanced	MALAT1_A549_NGG_0061	0.2745098	0.51862745	41	0
three_model_mean_percentile	balanced	MALAT1_A549_NGG_0062	0.18823529	0.34705882	68	0
three_model_mean_percentile	balanced	MALAT1_A549_NGG_0063	0.09019608	0.32254902	72	0
three_model_mean_percentile	balanced	MALAT1_A549_NGG_0064	0.13333333	0.33333333	70	0
three_model_mean_percentile	balanced	MALAT1_A549_NGG_0065	0.04705882	0.31176471	74	0
three_model_mean_percentile	balanced	MALAT1_A549_NGG_0066	0.15294118	0.33823529	69	0
three_model_mean_percentile	balanced	MALAT1_A549_NGG_0067	0.45882353	0.56470588	27	0
three_model_mean_percentile	balanced	MALAT1_A549_NGG_0068	0.26666667	0.51666667	42	0
three_model_mean_percentile	balanced	MALAT1_A549_NGG_0069	0.00784314	0.45196078	53	0
three_model_mean_percentile	balanced	MALAT1_A549_NGG_0070	0.13333333	0.33333333	71	0
three_model_mean_percentile	balanced	MALAT1_A549_NGG_0071	0.82745098	0.65686275	8	1
three_model_mean_percentile	balanced	MALAT1_A549_NGG_0072	0.33333333	0.53333333	37	0
three_model_mean_percentile	balanced	MALAT1_A549_NGG_0073	0.01176471	0.29731618	77	0
three_model_mean_percentile	balanced	MALAT1_A549_NGG_0074	0.86666667	0.63629167	13	0
three_model_mean_percentile	balanced	MALAT1_A549_NGG_0075	0.37647059	0.51299265	43	0
three_model_mean_percentile	balanced	MALAT1_A549_NGG_0076	0.89411765	0.64165441	12	1
three_model_mean_percentile	balanced	MALAT1_A549_NGG_0077	0.61960784	0.57227696	26	0
three_model_mean_percentile	balanced	MALAT1_A549_NGG_0078	0.56078431	0.55682108	28	0
three_model_mean_percentile	balanced	MALAT1_A549_NGG_0079	0.74509804	0.59464951	22	0
three_model_mean_percentile	balanced	MALAT1_A549_NGG_0080	0.10588235	0.27659559	80	0
three_model_mean_percentile	balanced	MALAT1_A549_NGG_0081	0.14509804	0.25714951	82	0
three_model_mean_percentile	balanced	MALAT1_A549_NGG_0082	0.09411765	0.22940441	86	0
three_model_mean_percentile	balanced	MALAT1_A549_NGG_0083	0.50196078	0.3088652	76	0
three_model_mean_percentile	balanced	MALAT1_A549_NGG_0084	0.60784314	0.32108578	73	0
three_model_mean_percentile	balanced	MALAT1_A549_NGG_0085	0.91764706	0.53878676	34	0
three_model_mean_percentile	balanced	MALAT1_A549_NGG_0086	0.90980392	0.53607598	36	0
three_model_mean_percentile	efficacy_focused	MALAT1_A549_NGG_0001	0.72941176	0.48810304	35	0
three_model_mean_percentile	efficacy_focused	MALAT1_A549_NGG_0002	0.68627451	0.47781868	39	0
three_model_mean_percentile	efficacy_focused	MALAT1_A549_NGG_0003	0.52156863	0.43714216	47	0
three_model_mean_percentile	efficacy_focused	MALAT1_A549_NGG_0004	0.40784314	0.40921073	53	0
three_model_mean_percentile	efficacy_focused	MALAT1_A549_NGG_0005	0.29803922	0.3982599	56	0
three_model_mean_percentile	efficacy_focused	MALAT1_A549_NGG_0006	0.45882353	0.33995583	68	0
three_model_mean_percentile	efficacy_focused	MALAT1_A549_NGG_0007	0.8	0.42875005	48	0
three_model_mean_percentile	efficacy_focused	MALAT1_A549_NGG_0008	0.48235294	0.34983824	65	0
three_model_mean_percentile	efficacy_focused	MALAT1_A549_NGG_0009	0.56078431	0.37094615	62	0
three_model_mean_percentile	efficacy_focused	MALAT1_A549_NGG_0010	0.7372549	0.41556375	51	0
three_model_mean_percentile	efficacy_focused	MALAT1_A549_NGG_0011	0.43529412	0.3405735	67	0
three_model_mean_percentile	efficacy_focused	MALAT1_A549_NGG_0012	0.17647059	0.27886755	77	0
three_model_mean_percentile	efficacy_focused	MALAT1_A549_NGG_0013	0.30588235	0.31322051	71	0
three_model_mean_percentile	efficacy_focused	MALAT1_A549_NGG_0014	0.26666667	0.30391677	73	0
three_model_mean_percentile	efficacy_focused	MALAT1_A549_NGG_0015	0.98431373	0.48582851	36	0
three_model_mean_percentile	efficacy_focused	MALAT1_A549_NGG_0016	0.63137255	0.41509304	52	0
three_model_mean_percentile	efficacy_focused	MALAT1_A549_NGG_0017	0.72156863	0.43814223	46	0
three_model_mean_percentile	efficacy_focused	MALAT1_A549_NGG_0018	0.21568627	0.31617164	70	0
three_model_mean_percentile	efficacy_focused	MALAT1_A549_NGG_0019	0.16862745	0.30590679	72	0
three_model_mean_percentile	efficacy_focused	MALAT1_A549_NGG_0020	0.45098039	0.2824951	75	0
three_model_mean_percentile	efficacy_focused	MALAT1_A549_NGG_0021	0.49411765	0.40477939	55	0
three_model_mean_percentile	efficacy_focused	MALAT1_A549_NGG_0022	0.38431373	0.38132846	61	0
three_model_mean_percentile	efficacy_focused	MALAT1_A549_NGG_0023	0.44313725	0.39653429	57	0
three_model_mean_percentile	efficacy_focused	MALAT1_A549_NGG_0024	0.47843137	0.40835774	54	0
three_model_mean_percentile	efficacy_focused	MALAT1_A549_NGG_0025	0.13333333	0.23058328	84	0
three_model_mean_percentile	efficacy_focused	MALAT1_A549_NGG_0026	0.27058824	0.26539696	80	0
three_model_mean_percentile	efficacy_focused	MALAT1_A549_NGG_0027	0.64705882	0.36001478	63	0
three_model_mean_percentile	efficacy_focused	MALAT1_A549_NGG_0028	0.78823529	0.39580885	58	0
three_model_mean_percentile	efficacy_focused	MALAT1_A549_NGG_0029	0.56078431	0.34394605	66	0
three_model_mean_percentile	efficacy_focused	MALAT1_A549_NGG_0030	0.43137255	0.41609311	50	0
three_model_mean_percentile	efficacy_focused	MALAT1_A549_NGG_0031	0.1372549	0.2560637	81	0
three_model_mean_percentile	efficacy_focused	MALAT1_A549_NGG_0032	0.01960784	0.22715189	85	0
three_model_mean_percentile	efficacy_focused	MALAT1_A549_NGG_0033	0.05490196	0.24497542	82	0
three_model_mean_percentile	efficacy_focused	MALAT1_A549_NGG_0034	0.87843137	0.57035784	25	0
three_model_mean_percentile	efficacy_focused	MALAT1_A549_NGG_0035	0.09019608	0.29879894	74	0
three_model_mean_percentile	efficacy_focused	MALAT1_A549_NGG_0036	0.75294118	0.48498519	37	0
three_model_mean_percentile	efficacy_focused	MALAT1_A549_NGG_0037	0.34117647	0.38754414	60	0
three_model_mean_percentile	efficacy_focused	MALAT1_A549_NGG_0038	0.34117647	0.39104402	59	0
three_model_mean_percentile	efficacy_focused	MALAT1_A549_NGG_0039	0.58431373	0.45332841	43	0
three_model_mean_percentile	efficacy_focused	MALAT1_A549_NGG_0040	0.76078431	0.59894613	23	0
three_model_mean_percentile	efficacy_focused	MALAT1_A549_NGG_0041	0.85882353	0.62545596	18	0
three_model_mean_percentile	efficacy_focused	MALAT1_A549_NGG_0042	0.90196078	0.63674022	16	0
three_model_mean_percentile	efficacy_focused	MALAT1_A549_NGG_0043	0.80784314	0.61471088	21	0
three_model_mean_percentile	efficacy_focused	MALAT1_A549_NGG_0044	0.61960784	0.56815201	26	0
three_model_mean_percentile	efficacy_focused	MALAT1_A549_NGG_0045	0.61960784	0.79765201	4	1
three_model_mean_percentile	efficacy_focused	MALAT1_A549_NGG_0046	0.99215686	0.89803922	1	1
three_model_mean_percentile	efficacy_focused	MALAT1_A549_NGG_0047	0.89019608	0.87254902	3	1
three_model_mean_percentile	efficacy_focused	MALAT1_A549_NGG_0048	0.91764706	0.87941176	2	1
three_model_mean_percentile	efficacy_focused	MALAT1_A549_NGG_0049	0.94509804	0.78627451	5	0
three_model_mean_percentile	efficacy_focused	MALAT1_A549_NGG_0050	0.94901961	0.6872549	12	0
three_model_mean_percentile	efficacy_focused	MALAT1_A549_NGG_0051	0.63529412	0.70882353	9	0
three_model_mean_percentile	efficacy_focused	MALAT1_A549_NGG_0052	0.80784314	0.75196078	7	0
three_model_mean_percentile	efficacy_focused	MALAT1_A549_NGG_0053	0.83921569	0.75980392	6	0
three_model_mean_percentile	efficacy_focused	MALAT1_A549_NGG_0054	0.59607843	0.69901961	10	0
three_model_mean_percentile	efficacy_focused	MALAT1_A549_NGG_0055	0.69019608	0.72254902	8	0
three_model_mean_percentile	efficacy_focused	MALAT1_A549_NGG_0056	0.56862745	0.69215686	11	0
three_model_mean_percentile	efficacy_focused	MALAT1_A549_NGG_0057	0.36862745	0.64215686	15	0
three_model_mean_percentile	efficacy_focused	MALAT1_A549_NGG_0058	0.4	0.65	14	0
three_model_mean_percentile	efficacy_focused	MALAT1_A549_NGG_0059	0.28235294	0.62058824	19	0
three_model_mean_percentile	efficacy_focused	MALAT1_A549_NGG_0060	0.40784314	0.65196078	13	0
three_model_mean_percentile	efficacy_focused	MALAT1_A549_NGG_0061	0.2745098	0.61862745	20	0
three_model_mean_percentile	efficacy_focused	MALAT1_A549_NGG_0062	0.18823529	0.49705882	32	0
three_model_mean_percentile	efficacy_focused	MALAT1_A549_NGG_0063	0.09019608	0.47254902	40	0
three_model_mean_percentile	efficacy_focused	MALAT1_A549_NGG_0064	0.13333333	0.48333333	38	0
three_model_mean_percentile	efficacy_focused	MALAT1_A549_NGG_0065	0.04705882	0.46176471	42	0
three_model_mean_percentile	efficacy_focused	MALAT1_A549_NGG_0066	0.15294118	0.48823529	34	0
three_model_mean_percentile	efficacy_focused	MALAT1_A549_NGG_0067	0.45882353	0.53970588	28	0
three_model_mean_percentile	efficacy_focused	MALAT1_A549_NGG_0068	0.26666667	0.49166667	33	0
three_model_mean_percentile	efficacy_focused	MALAT1_A549_NGG_0069	0.00784314	0.42696078	49	0
three_model_mean_percentile	efficacy_focused	MALAT1_A549_NGG_0070	0.13333333	0.35833333	64	0
three_model_mean_percentile	efficacy_focused	MALAT1_A549_NGG_0071	0.82745098	0.63186275	17	1
three_model_mean_percentile	efficacy_focused	MALAT1_A549_NGG_0072	0.33333333	0.50833333	31	0
three_model_mean_percentile	efficacy_focused	MALAT1_A549_NGG_0073	0.01176471	0.31950368	69	0
three_model_mean_percentile	efficacy_focused	MALAT1_A549_NGG_0074	0.86666667	0.59610417	24	0
three_model_mean_percentile	efficacy_focused	MALAT1_A549_NGG_0075	0.37647059	0.47243015	41	0
three_model_mean_percentile	efficacy_focused	MALAT1_A549_NGG_0076	0.89411765	0.60071691	22	1
three_model_mean_percentile	efficacy_focused	MALAT1_A549_NGG_0077	0.61960784	0.53096446	29	0
three_model_mean_percentile	efficacy_focused	MALAT1_A549_NGG_0078	0.56078431	0.51513358	30	0
three_model_mean_percentile	efficacy_focused	MALAT1_A549_NGG_0079	0.74509804	0.54883701	27	0
three_model_mean_percentile	efficacy_focused	MALAT1_A549_NGG_0080	0.10588235	0.27665809	78	0
three_model_mean_percentile	efficacy_focused	MALAT1_A549_NGG_0081	0.14509804	0.24258701	83	0
three_model_mean_percentile	efficacy_focused	MALAT1_A549_NGG_0082	0.09411765	0.20734191	86	0
three_model_mean_percentile	efficacy_focused	MALAT1_A549_NGG_0083	0.50196078	0.2755527	79	0
three_model_mean_percentile	efficacy_focused	MALAT1_A549_NGG_0084	0.60784314	0.28064828	76	0
three_model_mean_percentile	efficacy_focused	MALAT1_A549_NGG_0085	0.91764706	0.44347426	44	0
three_model_mean_percentile	efficacy_focused	MALAT1_A549_NGG_0086	0.90980392	0.44038848	45	0
three_model_mean_percentile	safety_focused	MALAT1_A549_NGG_0001	0.72941176	0.72137913	4	0
three_model_mean_percentile	safety_focused	MALAT1_A549_NGG_0002	0.68627451	0.70866015	5	0
three_model_mean_percentile	safety_focused	MALAT1_A549_NGG_0003	0.52156863	0.65947059	13	0
three_model_mean_percentile	safety_focused	MALAT1_A549_NGG_0004	0.40784314	0.62557514	18	0
three_model_mean_percentile	safety_focused	MALAT1_A549_NGG_0005	0.29803922	0.59996736	24	0
three_model_mean_percentile	safety_focused	MALAT1_A549_NGG_0006	0.45882353	0.47386926	49	0
three_model_mean_percentile	safety_focused	MALAT1_A549_NGG_0007	0.8	0.5777778	27	0
three_model_mean_percentile	safety_focused	MALAT1_A549_NGG_0008	0.48235294	0.48270588	47	0
three_model_mean_percentile	safety_focused	MALAT1_A549_NGG_0009	0.56078431	0.50690199	41	0
three_model_mean_percentile	safety_focused	MALAT1_A549_NGG_0010	0.7372549	0.56006537	31	0
three_model_mean_percentile	safety_focused	MALAT1_A549_NGG_0011	0.43529412	0.46969934	52	0
three_model_mean_percentile	safety_focused	MALAT1_A549_NGG_0012	0.17647059	0.39338558	64	0
three_model_mean_percentile	safety_focused	MALAT1_A549_NGG_0013	0.30588235	0.43309801	57	0
three_model_mean_percentile	safety_focused	MALAT1_A549_NGG_0014	0.26666667	0.4215556	60	0
three_model_mean_percentile	safety_focused	MALAT1_A549_NGG_0015	0.98431373	0.63796082	17	0
three_model_mean_percentile	safety_focused	MALAT1_A549_NGG_0016	0.63137255	0.53985616	34	0
three_model_mean_percentile	safety_focused	MALAT1_A549_NGG_0017	0.72156863	0.56713729	29	0
three_model_mean_percentile	safety_focused	MALAT1_A549_NGG_0018	0.21568627	0.41737258	61	0
three_model_mean_percentile	safety_focused	MALAT1_A549_NGG_0019	0.16862745	0.40392154	63	0
three_model_mean_percentile	safety_focused	MALAT1_A549_NGG_0020	0.45098039	0.34129412	70	0
three_model_mean_percentile	safety_focused	MALAT1_A549_NGG_0021	0.49411765	0.50934639	39	0
three_model_mean_percentile	safety_focused	MALAT1_A549_NGG_0022	0.38431373	0.47818302	48	0
three_model_mean_percentile	safety_focused	MALAT1_A549_NGG_0023	0.44313725	0.49605228	44	0
three_model_mean_percentile	safety_focused	MALAT1_A549_NGG_0024	0.47843137	0.50797381	40	0
three_model_mean_percentile	safety_focused	MALAT1_A549_NGG_0025	0.13333333	0.2582222	78	0
three_model_mean_percentile	safety_focused	MALAT1_A549_NGG_0026	0.27058824	0.29962087	72	0
three_model_mean_percentile	safety_focused	MALAT1_A549_NGG_0027	0.64705882	0.41278435	62	0
three_model_mean_percentile	safety_focused	MALAT1_A549_NGG_0028	0.78823529	0.45535949	54	0
three_model_mean_percentile	safety_focused	MALAT1_A549_NGG_0029	0.56078431	0.38934639	65	0
three_model_mean_percentile	safety_focused	MALAT1_A549_NGG_0030	0.43137255	0.50252286	43	0
three_model_mean_percentile	safety_focused	MALAT1_A549_NGG_0031	0.1372549	0.27028757	76	0
three_model_mean_percentile	safety_focused	MALAT1_A549_NGG_0032	0.01960784	0.23521565	84	0
three_model_mean_percentile	safety_focused	MALAT1_A549_NGG_0033	0.05490196	0.24980389	80	0
three_model_mean_percentile	safety_focused	MALAT1_A549_NGG_0034	0.87843137	0.65552941	15	0
three_model_mean_percentile	safety_focused	MALAT1_A549_NGG_0035	0.09019608	0.28039212	73	0
three_model_mean_percentile	safety_focused	MALAT1_A549_NGG_0036	0.75294118	0.48832675	45	0
three_model_mean_percentile	safety_focused	MALAT1_A549_NGG_0037	0.34117647	0.36724184	68	0
three_model_mean_percentile	safety_focused	MALAT1_A549_NGG_0038	0.34117647	0.36879734	67	0
three_model_mean_percentile	safety_focused	MALAT1_A549_NGG_0039	0.58431373	0.44240522	55	0
three_model_mean_percentile	safety_focused	MALAT1_A549_NGG_0040	0.76078431	0.64601309	16	0
three_model_mean_percentile	safety_focused	MALAT1_A549_NGG_0041	0.85882353	0.67631376	8	0
three_model_mean_percentile	safety_focused	MALAT1_A549_NGG_0042	0.90196078	0.68947714	7	0
three_model_mean_percentile	safety_focused	MALAT1_A549_NGG_0043	0.80784314	0.66190854	12	0
three_model_mean_percentile	safety_focused	MALAT1_A549_NGG_0044	0.61960784	0.60566015	21	0
three_model_mean_percentile	safety_focused	MALAT1_A549_NGG_0045	0.61960784	0.70766015	6	1
three_model_mean_percentile	safety_focused	MALAT1_A549_NGG_0046	0.99215686	0.82264706	1	1
three_model_mean_percentile	safety_focused	MALAT1_A549_NGG_0047	0.89019608	0.79205882	3	1
three_model_mean_percentile	safety_focused	MALAT1_A549_NGG_0048	0.91764706	0.80029412	2	1
three_model_mean_percentile	safety_focused	MALAT1_A549_NGG_0049	0.94509804	0.65852941	14	0
three_model_mean_percentile	safety_focused	MALAT1_A549_NGG_0050	0.94901961	0.48470588	46	0
three_model_mean_percentile	safety_focused	MALAT1_A549_NGG_0051	0.63529412	0.54058824	33	0
three_model_mean_percentile	safety_focused	MALAT1_A549_NGG_0052	0.80784314	0.59235294	25	0
three_model_mean_percentile	safety_focused	MALAT1_A549_NGG_0053	0.83921569	0.60176471	23	0
three_model_mean_percentile	safety_focused	MALAT1_A549_NGG_0054	0.59607843	0.52882353	35	0
three_model_mean_percentile	safety_focused	MALAT1_A549_NGG_0055	0.69019608	0.55705882	32	0
three_model_mean_percentile	safety_focused	MALAT1_A549_NGG_0056	0.56862745	0.52058824	37	0
three_model_mean_percentile	safety_focused	MALAT1_A549_NGG_0057	0.36862745	0.46058824	53	0
three_model_mean_percentile	safety_focused	MALAT1_A549_NGG_0058	0.4	0.47	51	0
three_model_mean_percentile	safety_focused	MALAT1_A549_NGG_0059	0.28235294	0.43470588	56	0
three_model_mean_percentile	safety_focused	MALAT1_A549_NGG_0060	0.40784314	0.47235294	50	0
three_model_mean_percentile	safety_focused	MALAT1_A549_NGG_0061	0.2745098	0.43235294	58	0
three_model_mean_percentile	safety_focused	MALAT1_A549_NGG_0062	0.18823529	0.25647059	79	0
three_model_mean_percentile	safety_focused	MALAT1_A549_NGG_0063	0.09019608	0.22705882	85	0
three_model_mean_percentile	safety_focused	MALAT1_A549_NGG_0064	0.13333333	0.24	83	0
three_model_mean_percentile	safety_focused	MALAT1_A549_NGG_0065	0.04705882	0.21411765	86	0
three_model_mean_percentile	safety_focused	MALAT1_A549_NGG_0066	0.15294118	0.24588235	81	0
three_model_mean_percentile	safety_focused	MALAT1_A549_NGG_0067	0.45882353	0.56264706	30	0
three_model_mean_percentile	safety_focused	MALAT1_A549_NGG_0068	0.26666667	0.505	42	0
three_model_mean_percentile	safety_focused	MALAT1_A549_NGG_0069	0.00784314	0.42735294	59	0
three_model_mean_percentile	safety_focused	MALAT1_A549_NGG_0070	0.13333333	0.315	71	0
three_model_mean_percentile	safety_focused	MALAT1_A549_NGG_0071	0.82745098	0.67323529	9	1
three_model_mean_percentile	safety_focused	MALAT1_A549_NGG_0072	0.33333333	0.525	36	0
three_model_mean_percentile	safety_focused	MALAT1_A549_NGG_0073	0.01176471	0.27477941	74	0
three_model_mean_percentile	safety_focused	MALAT1_A549_NGG_0074	0.86666667	0.66475	11	0
three_model_mean_percentile	safety_focused	MALAT1_A549_NGG_0075	0.37647059	0.51719118	38	0
three_model_mean_percentile	safety_focused	MALAT1_A549_NGG_0076	0.89411765	0.67198529	10	1
three_model_mean_percentile	safety_focused	MALAT1_A549_NGG_0077	0.61960784	0.58913235	26	0
three_model_mean_percentile	safety_focused	MALAT1_A549_NGG_0078	0.56078431	0.57098529	28	0
three_model_mean_percentile	safety_focused	MALAT1_A549_NGG_0079	0.74509804	0.62077941	19	0
three_model_mean_percentile	safety_focused	MALAT1_A549_NGG_0080	0.10588235	0.27351471	75	0
three_model_mean_percentile	safety_focused	MALAT1_A549_NGG_0081	0.14509804	0.26577941	77	0
three_model_mean_percentile	safety_focused	MALAT1_A549_NGG_0082	0.09411765	0.24048529	82	0
three_model_mean_percentile	safety_focused	MALAT1_A549_NGG_0083	0.50196078	0.34783824	69	0
three_model_mean_percentile	safety_focused	MALAT1_A549_NGG_0084	0.60784314	0.37010294	66	0
three_model_mean_percentile	safety_focused	MALAT1_A549_NGG_0085	0.91764706	0.60654412	20	0
three_model_mean_percentile	safety_focused	MALAT1_A549_NGG_0086	0.90980392	0.60369118	22	0
