candidate_id	minimum_rank_across_models_profiles	maximum_rank_across_models_profiles	mean_rank_across_models_profiles	rank_range	panel_flag
MALAT1_A549_NGG_0046	1	1	1.0	0	1
MALAT1_A549_NGG_0048	2	4	2.333333	2	1
MALAT1_A549_NGG_0047	2	3	2.75	1	1
MALAT1_A549_NGG_0049	4	14	7.5	10	0
MALAT1_A549_NGG_0045	3	29	7.583333	26	1
MALAT1_A549_NGG_0042	6	17	10.0	11	0
MALAT1_A549_NGG_0071	5	21	12.166667	16	1
MALAT1_A549_NGG_0041	7	22	12.25	15	0
MALAT1_A549_NGG_0053	6	26	12.25	20	0
MALAT1_A549_NGG_0052	5	30	13.75	25	0
MALAT1_A549_NGG_0043	10	22	14.75	12	0
MALAT1_A549_NGG_0076	6	24	15.166667	18	1
MALAT1_A549_NGG_0074	7	25	15.416667	18	0
MALAT1_A549_NGG_0040	11	25	17.5	14	0
MALAT1_A549_NGG_0001	4	40	18.083333	36	0
MALAT1_A549_NGG_0034	9	27	18.666667	18	0
MALAT1_A549_NGG_0055	7	34	18.666667	27	0
MALAT1_A549_NGG_0002	5	41	19.916667	36	0
MALAT1_A549_NGG_0051	8	40	20.25	32	0
MALAT1_A549_NGG_0054	8	38	22.5	30	0
MALAT1_A549_NGG_0079	16	29	22.666667	13	0
MALAT1_A549_NGG_0044	18	31	23.25	13	0
MALAT1_A549_NGG_0056	10	44	24.25	34	0
MALAT1_A549_NGG_0015	15	40	25.666667	25	0
MALAT1_A549_NGG_0077	19	31	26.333333	12	0
MALAT1_A549_NGG_0003	6	50	27.416667	44	0
MALAT1_A549_NGG_0067	26	33	28.416667	7	0
MALAT1_A549_NGG_0078	24	35	29.166667	11	0
MALAT1_A549_NGG_0050	9	49	30.5	40	0
MALAT1_A549_NGG_0060	13	52	31.25	39	0
MALAT1_A549_NGG_0058	13	54	31.833333	41	0
MALAT1_A549_NGG_0004	15	54	33.416667	39	0
MALAT1_A549_NGG_0057	13	55	33.416667	42	0
MALAT1_A549_NGG_0085	20	48	33.5	28	0
MALAT1_A549_NGG_0086	22	47	34.5	25	0
MALAT1_A549_NGG_0072	30	45	35.5	15	0
MALAT1_A549_NGG_0005	21	60	37.833333	39	0
MALAT1_A549_NGG_0007	25	52	38.333333	27	0
MALAT1_A549_NGG_0017	25	47	38.5	22	0
MALAT1_A549_NGG_0059	16	60	38.666667	44	0
MALAT1_A549_NGG_0068	33	42	38.75	9	0
MALAT1_A549_NGG_0061	18	59	38.833333	41	0
MALAT1_A549_NGG_0075	32	58	40.25	26	0
MALAT1_A549_NGG_0010	29	55	42.083333	26	0
MALAT1_A549_NGG_0036	35	49	43.583333	14	0
MALAT1_A549_NGG_0016	34	53	44.083333	19	0
MALAT1_A549_NGG_0024	29	58	46.416667	29	0
MALAT1_A549_NGG_0030	36	59	47.5	23	0
MALAT1_A549_NGG_0021	39	57	47.583333	18	0
MALAT1_A549_NGG_0023	37	60	50.083333	23	0
MALAT1_A549_NGG_0039	43	57	51.0	14	0
MALAT1_A549_NGG_0009	34	66	51.166667	32	0
MALAT1_A549_NGG_0069	48	60	53.333333	12	0
MALAT1_A549_NGG_0022	38	64	53.333333	26	0
MALAT1_A549_NGG_0028	40	63	55.083333	23	0
MALAT1_A549_NGG_0008	44	67	55.583333	23	0
MALAT1_A549_NGG_0006	43	69	56.416667	26	0
MALAT1_A549_NGG_0011	42	72	57.833333	30	0
MALAT1_A549_NGG_0062	30	85	60.666667	55	0
MALAT1_A549_NGG_0066	32	81	61.583333	49	0
MALAT1_A549_NGG_0027	53	68	62.333333	15	0
MALAT1_A549_NGG_0013	55	73	62.333333	18	0
MALAT1_A549_NGG_0038	53	68	62.833333	15	0
MALAT1_A549_NGG_0064	35	84	63.166667	49	0
MALAT1_A549_NGG_0037	58	68	63.916667	10	0
MALAT1_A549_NGG_0018	59	72	64.0	13	0
MALAT1_A549_NGG_0014	55	75	64.583333	20	0
MALAT1_A549_NGG_0019	59	73	65.5	14	0
MALAT1_A549_NGG_0063	39	85	65.5	46	0
MALAT1_A549_NGG_0029	63	70	65.833333	7	0
MALAT1_A549_NGG_0065	40	86	67.5	46	0
MALAT1_A549_NGG_0070	63	73	68.916667	10	0
MALAT1_A549_NGG_0012	62	79	69.083333	17	0
MALAT1_A549_NGG_0084	64	81	71.916667	17	0
MALAT1_A549_NGG_0020	69	78	73.25	9	0
MALAT1_A549_NGG_0083	61	85	73.416667	24	0
MALAT1_A549_NGG_0073	68	78	73.833333	10	0
MALAT1_A549_NGG_0035	70	81	75.333333	11	0
MALAT1_A549_NGG_0026	71	80	76.583333	9	0
MALAT1_A549_NGG_0080	75	80	77.583333	5	0
MALAT1_A549_NGG_0031	72	82	79.25	10	0
MALAT1_A549_NGG_0081	73	85	80.416667	12	0
MALAT1_A549_NGG_0033	78	83	81.583333	5	0
MALAT1_A549_NGG_0025	73	85	81.833333	12	0
MALAT1_A549_NGG_0032	82	86	84.083333	4	0
MALAT1_A549_NGG_0082	79	86	84.333333	7	0
