candidate_id	pareto_layer_4_domains	strict_no_1mm_pareto_layer	efficacy_domain	local_safety_domain	sequence_domain	offtarget_domain_jost	one_mismatch_hits	panel_flag
MALAT1_A549_NGG_0046	1	1	1.0	0.5	1.0	0.710624	0	1
MALAT1_A549_NGG_0076	1	1	0.39375	0.5	1.0	0.821316	0	1
MALAT1_A549_NGG_0015	1	1	0.0883335	0.5	1.0	0.864053	0	0
MALAT1_A549_NGG_0005	1	1	0.052778	1.0	1.0	0.110953	0	0
MALAT1_A549_NGG_0004	1	1	0.016111	1.0	1.0	0.164382	0	0
MALAT1_A549_NGG_0003	1	1	0.015	1.0	1.0	0.190639	0	0
MALAT1_A549_NGG_0002	1	1	0.013889	1.0	1.0	0.224713	0	0
MALAT1_A549_NGG_0001	1	1	0.012778	1.0	1.0	0.314617	0	0
MALAT1_A549_NGG_0047	2	2	1.0	0.5	1.0	0.620125	0	1
MALAT1_A549_NGG_0028	2	2	0.2194445	0.5	0.0	0.675372	0	0
MALAT1_A549_NGG_0085	2	2	0.03125	0.5	1.0	0.641195	0	0
MALAT1_A549_NGG_0049	3	3	1.0	0.5	0.0	0.522588	0	0
MALAT1_A549_NGG_0048	3	3	1.0	0.5	1.0	0.486566	0	1
MALAT1_A549_NGG_0045	3	3	0.983889	0.5	1.0	0.489326	0	1
MALAT1_A549_NGG_0071	3	3	0.5	0.5	1.0	0.559851	0	1
MALAT1_A549_NGG_0042	3	3	0.4694445	0.5	1.0	0.600821	0	0
MALAT1_A549_NGG_0050	4	4	1.0	0.0	0.0	0.519932	0	0
MALAT1_A549_NGG_0053	4	4	1.0	0.0	1.0	0.483806	0	0
MALAT1_A549_NGG_0067	4	4	0.5	0.5	1.0	0.172258	0	0
MALAT1_A549_NGG_0044	4	4	0.473889	0.5	1.0	0.308831	0	0
MALAT1_A549_NGG_0043	4	4	0.472778	0.5	1.0	0.486166	0	0
MALAT1_A549_NGG_0086	4	4	0.02875	0.5	1.0	0.56465	0	0
MALAT1_A549_NGG_0052	5	5	1.0	0.0	1.0	0.448098	0	0
MALAT1_A549_NGG_0068	5	5	0.5	0.5	1.0	0.103524	0	0
MALAT1_A549_NGG_0041	5	5	0.4683335	0.5	1.0	0.466126	0	0
MALAT1_A549_NGG_0051	6	6	1.0	0.0	1.0	0.306047	0	0
MALAT1_A549_NGG_0070	6		0.5	0.5	0.0	0.094956	1	0
MALAT1_A549_NGG_0072	6	6	0.5	0.5	1.0	0.094433	0	0
MALAT1_A549_NGG_0040	6	6	0.463889	0.5	1.0	0.458539	0	0
MALAT1_A549_NGG_0055	7	7	1.0	0.0	1.0	0.285547	0	0
MALAT1_A549_NGG_0069	7	7	0.5	0.5	1.0	0.015948	0	0
MALAT1_A549_NGG_0073	7		0.48125	0.5	0.0	0.017377	1	0
MALAT1_A549_NGG_0039	7	7	0.4605555	0.5	0.0	0.205421	0	0
MALAT1_A549_NGG_0036	7	7	0.437222	0.5	0.0	0.357004	0	0
MALAT1_A549_NGG_0074	7	7	0.39875	0.5	1.0	0.41195	0	0
MALAT1_A549_NGG_0079	7	7	0.36125	0.5	1.0	0.456053	0	0
MALAT1_A549_NGG_0054	8	8	1.0	0.0	1.0	0.233398	0	0
MALAT1_A549_NGG_0038	8	8	0.457222	0.5	0.0	0.125422	0	0
MALAT1_A549_NGG_0037	8	8	0.4494445	0.5	0.0	0.163481	0	0
MALAT1_A549_NGG_0075	8	8	0.39625	0.5	1.0	0.061059	0	0
MALAT1_A549_NGG_0077	8	8	0.39125	0.5	1.0	0.219035	0	0
MALAT1_A549_NGG_0034	8	8	0.335	0.5	1.0	0.423784	0	0
MALAT1_A549_NGG_0056	9	9	1.0	0.0	1.0	0.214112	0	0
MALAT1_A549_NGG_0035	9	9	0.3916665	0.5	0.0	0.021876	0	0
MALAT1_A549_NGG_0078	9	9	0.38875	0.5	1.0	0.175683	0	0
MALAT1_A549_NGG_0029	9	9	0.2305555	0.5	0.0	0.197718	0	0
MALAT1_A549_NGG_0027	9	9	0.2183335	0.5	0.0	0.410845	0	0
MALAT1_A549_NGG_0024	9	9	0.197222	0.5	1.0	0.252781	0	0
MALAT1_A549_NGG_0017	9	9	0.1283335	0.5	1.0	0.344134	0	0
MALAT1_A549_NGG_0007	9	9	0.063889	0.5	1.0	0.394344	0	0
MALAT1_A549_NGG_0058	10	10	1.0	0.0	1.0	0.182473	0	0
MALAT1_A549_NGG_0080	10	10	0.33375	0.5	0.0	0.072514	0	0
MALAT1_A549_NGG_0031	10	10	0.2705555	0.5	0.0	0.076695	0	0
MALAT1_A549_NGG_0030	10	10	0.2405555	0.5	1.0	0.134813	0	0
MALAT1_A549_NGG_0023	10	10	0.1905555	0.5	1.0	0.210103	0	0
MALAT1_A549_NGG_0016	10	10	0.127222	0.5	1.0	0.242976	0	0
MALAT1_A549_NGG_0083	10	10	0.11125	0.5	0.0	0.391649	0	0
MALAT1_A549_NGG_0010	10	10	0.0694445	0.5	1.0	0.325794	0	0
MALAT1_A549_NGG_0060	11	11	1.0	0.0	1.0	0.173928	0	0
MALAT1_A549_NGG_0033	11	11	0.2916665	0.5	0.0	0.03719	0	0
MALAT1_A549_NGG_0081	11	11	0.23625	0.5	0.0	0.097425	0	0
MALAT1_A549_NGG_0026	11	11	0.217222	0.5	0.0	0.123301	0	0
MALAT1_A549_NGG_0022	11	11	0.1894445	0.5	1.0	0.199213	0	0
MALAT1_A549_NGG_0057	12	12	1.0	0.0	1.0	0.162386	0	0
MALAT1_A549_NGG_0032	12		0.2716665	0.5	0.0	0.023694	1	0
MALAT1_A549_NGG_0025	12	12	0.216111	0.5	0.0	0.076628	0	0
MALAT1_A549_NGG_0021	12	12	0.1805555	0.5	1.0	0.184448	0	0
MALAT1_A549_NGG_0008	12	12	0.065	0.5	1.0	0.194627	0	0
MALAT1_A549_NGG_0084	12	12	0.06375	0.5	0.0	0.196102	0	0
MALAT1_A549_NGG_0061	13	13	1.0	0.0	1.0	0.120233	0	0
MALAT1_A549_NGG_0082	13	13	0.18625	0.5	0.0	0.049887	0	0
MALAT1_A549_NGG_0020	13	13	0.155	0.5	0.0	0.179825	0	0
MALAT1_A549_NGG_0019	13		0.1416665	0.5	1.0	0.089992	1	0
MALAT1_A549_NGG_0018	13	13	0.1383335	0.5	1.0	0.093151	0	0
MALAT1_A549_NGG_0014	13	13	0.082778	0.5	1.0	0.099923	0	0
MALAT1_A549_NGG_0013	13	13	0.0816665	0.5	1.0	0.12182	0	0
MALAT1_A549_NGG_0009	13	13	0.0683335	0.5	1.0	0.168808	0	0
MALAT1_A549_NGG_0059	14	14	1.0	0.0	1.0	0.117149	0	0
MALAT1_A549_NGG_0012	14	14	0.077222	0.5	1.0	0.090073	0	0
MALAT1_A549_NGG_0011	14	14	0.0705555	0.5	1.0	0.120053	0	0
MALAT1_A549_NGG_0006	14	14	0.056111	0.5	1.0	0.15825	0	0
MALAT1_A549_NGG_0062	15	15	1.0	0.0	0.0	0.105665	0	0
MALAT1_A549_NGG_0066	16	16	1.0	0.0	0.0	0.083388	0	0
MALAT1_A549_NGG_0064	17	17	1.0	0.0	0.0	0.066127	0	0
MALAT1_A549_NGG_0063	18		1.0	0.0	0.0	0.058374	1	0
MALAT1_A549_NGG_0065	19		1.0	0.0	0.0	0.041135	1	0
