candidate_id	minimum_rank_across_position_models_profiles	maximum_rank_across_position_models_profiles	mean_rank_across_position_models_profiles	rank_range	panel_flag
MALAT1_A549_NGG_0046	1	1	1.0	0	1
MALAT1_A549_NGG_0047	2	2	2.0	0	1
MALAT1_A549_NGG_0048	3	5	3.266667	2	1
MALAT1_A549_NGG_0045	3	4	3.8	1	1
MALAT1_A549_NGG_0076	4	25	9.266667	21	1
MALAT1_A549_NGG_0049	5	19	9.933333	14	0
MALAT1_A549_NGG_0042	6	20	10.933333	14	0
MALAT1_A549_NGG_0071	7	20	12.333333	13	1
MALAT1_A549_NGG_0053	6	24	12.533333	18	0
MALAT1_A549_NGG_0052	7	26	14.0	19	0
MALAT1_A549_NGG_0043	9	21	14.533333	12	0
MALAT1_A549_NGG_0041	11	23	16.2	12	0
MALAT1_A549_NGG_0040	12	25	17.266667	13	0
MALAT1_A549_NGG_0015	6	35	17.533333	29	0
MALAT1_A549_NGG_0051	8	35	19.266667	27	0
MALAT1_A549_NGG_0001	6	42	19.733333	36	0
MALAT1_A549_NGG_0055	8	37	20.333333	29	0
MALAT1_A549_NGG_0044	18	30	23.733333	12	0
MALAT1_A549_NGG_0054	10	44	23.733333	34	0
MALAT1_A549_NGG_0002	9	47	23.733333	38	0
MALAT1_A549_NGG_0079	14	38	24.866667	24	0
MALAT1_A549_NGG_0056	11	46	25.466667	35	0
MALAT1_A549_NGG_0074	15	36	25.733333	21	0
MALAT1_A549_NGG_0003	10	52	26.0	42	0
MALAT1_A549_NGG_0034	19	39	27.133333	20	0
MALAT1_A549_NGG_0058	12	47	27.333333	35	0
MALAT1_A549_NGG_0004	12	55	28.4	43	0
MALAT1_A549_NGG_0060	13	48	28.533333	35	0
MALAT1_A549_NGG_0067	26	34	29.266667	8	0
MALAT1_A549_NGG_0005	14	53	30.0	39	0
MALAT1_A549_NGG_0057	14	49	30.066667	35	0
MALAT1_A549_NGG_0085	15	44	30.133333	29	0
MALAT1_A549_NGG_0061	15	53	32.533333	38	0
MALAT1_A549_NGG_0068	27	37	32.666667	10	0
MALAT1_A549_NGG_0059	16	57	33.933333	41	0
MALAT1_A549_NGG_0086	19	49	34.333333	30	0
MALAT1_A549_NGG_0077	24	47	34.733333	23	0
MALAT1_A549_NGG_0072	32	41	36.733333	9	0
MALAT1_A549_NGG_0078	27	49	38.133333	22	0
MALAT1_A549_NGG_0069	33	45	38.466667	12	0
MALAT1_A549_NGG_0050	16	62	39.6	46	0
MALAT1_A549_NGG_0017	28	54	41.333333	26	0
MALAT1_A549_NGG_0007	26	60	41.333333	34	0
MALAT1_A549_NGG_0024	30	57	43.4	27	0
MALAT1_A549_NGG_0075	34	58	45.666667	24	0
MALAT1_A549_NGG_0010	29	64	46.0	35	0
MALAT1_A549_NGG_0023	36	59	47.466667	23	0
MALAT1_A549_NGG_0028	40	64	48.866667	24	0
MALAT1_A549_NGG_0022	38	60	49.266667	22	0
MALAT1_A549_NGG_0016	35	62	49.466667	27	0
MALAT1_A549_NGG_0030	43	62	51.2	19	0
MALAT1_A549_NGG_0021	41	63	51.533333	22	0
MALAT1_A549_NGG_0036	41	62	53.333333	21	0
MALAT1_A549_NGG_0008	46	69	55.333333	23	0
MALAT1_A549_NGG_0062	23	82	55.733333	59	0
MALAT1_A549_NGG_0066	22	83	56.866667	61	0
MALAT1_A549_NGG_0009	50	70	57.666667	20	0
MALAT1_A549_NGG_0039	45	68	59.2	23	0
MALAT1_A549_NGG_0064	26	84	59.333333	58	0
MALAT1_A549_NGG_0006	52	72	59.4	20	0
MALAT1_A549_NGG_0018	55	70	60.2	15	0
MALAT1_A549_NGG_0063	27	86	60.6	59	0
MALAT1_A549_NGG_0013	54	71	60.733333	17	0
MALAT1_A549_NGG_0019	55	72	60.866667	17	0
MALAT1_A549_NGG_0065	26	86	60.866667	60	0
MALAT1_A549_NGG_0037	46	70	61.933333	24	0
MALAT1_A549_NGG_0011	56	76	62.533333	20	0
MALAT1_A549_NGG_0014	58	73	63.533333	15	0
MALAT1_A549_NGG_0038	50	72	63.8	22	0
MALAT1_A549_NGG_0070	51	72	64.333333	21	0
MALAT1_A549_NGG_0012	60	78	65.466667	18	0
MALAT1_A549_NGG_0027	62	74	67.0	12	0
MALAT1_A549_NGG_0083	63	77	70.733333	14	0
MALAT1_A549_NGG_0073	61	79	72.0	18	0
MALAT1_A549_NGG_0035	66	76	72.466667	10	0
MALAT1_A549_NGG_0029	68	79	73.8	11	0
MALAT1_A549_NGG_0080	63	82	74.8	19	0
MALAT1_A549_NGG_0031	74	83	78.266667	9	0
MALAT1_A549_NGG_0020	70	85	78.4	15	0
MALAT1_A549_NGG_0026	71	84	79.333333	13	0
MALAT1_A549_NGG_0081	73	84	79.4	11	0
MALAT1_A549_NGG_0084	69	86	79.6	17	0
MALAT1_A549_NGG_0033	76	85	79.666667	9	0
MALAT1_A549_NGG_0032	80	86	82.466667	6	0
MALAT1_A549_NGG_0025	75	86	82.8	11	0
MALAT1_A549_NGG_0082	80	86	83.8	6	0
