position_model	profile	spearman_vs_baseline_balanced	top10_jaccard_vs_baseline_balanced	top_5_candidates
baseline_trapezoid	balanced	1.0	1.0	MALAT1_A549_NGG_0046;MALAT1_A549_NGG_0047;MALAT1_A549_NGG_0048;MALAT1_A549_NGG_0045;MALAT1_A549_NGG_0076
baseline_trapezoid	efficacy_focused	0.828218	0.428571	MALAT1_A549_NGG_0046;MALAT1_A549_NGG_0047;MALAT1_A549_NGG_0048;MALAT1_A549_NGG_0045;MALAT1_A549_NGG_0049
baseline_trapezoid	safety_focused	0.918487	0.538462	MALAT1_A549_NGG_0046;MALAT1_A549_NGG_0047;MALAT1_A549_NGG_0048;MALAT1_A549_NGG_0045;MALAT1_A549_NGG_0076
narrow_trapezoid	balanced	0.983735	0.818182	MALAT1_A549_NGG_0046;MALAT1_A549_NGG_0047;MALAT1_A549_NGG_0048;MALAT1_A549_NGG_0045;MALAT1_A549_NGG_0049
narrow_trapezoid	efficacy_focused	0.816293	0.428571	MALAT1_A549_NGG_0046;MALAT1_A549_NGG_0047;MALAT1_A549_NGG_0048;MALAT1_A549_NGG_0045;MALAT1_A549_NGG_0049
narrow_trapezoid	safety_focused	0.948111	0.538462	MALAT1_A549_NGG_0046;MALAT1_A549_NGG_0047;MALAT1_A549_NGG_0048;MALAT1_A549_NGG_0045;MALAT1_A549_NGG_0076
broad_trapezoid	balanced	0.996547	1.0	MALAT1_A549_NGG_0046;MALAT1_A549_NGG_0047;MALAT1_A549_NGG_0045;MALAT1_A549_NGG_0048;MALAT1_A549_NGG_0076
broad_trapezoid	efficacy_focused	0.824501	0.538462	MALAT1_A549_NGG_0046;MALAT1_A549_NGG_0047;MALAT1_A549_NGG_0045;MALAT1_A549_NGG_0048;MALAT1_A549_NGG_0049
broad_trapezoid	safety_focused	0.917392	0.666667	MALAT1_A549_NGG_0046;MALAT1_A549_NGG_0047;MALAT1_A549_NGG_0045;MALAT1_A549_NGG_0076;MALAT1_A549_NGG_0048
triangular_peak_plus100	balanced	0.987679	0.666667	MALAT1_A549_NGG_0046;MALAT1_A549_NGG_0047;MALAT1_A549_NGG_0048;MALAT1_A549_NGG_0045;MALAT1_A549_NGG_0076
triangular_peak_plus100	efficacy_focused	0.841917	0.428571	MALAT1_A549_NGG_0046;MALAT1_A549_NGG_0047;MALAT1_A549_NGG_0048;MALAT1_A549_NGG_0045;MALAT1_A549_NGG_0049
triangular_peak_plus100	safety_focused	0.903524	0.428571	MALAT1_A549_NGG_0046;MALAT1_A549_NGG_0047;MALAT1_A549_NGG_0048;MALAT1_A549_NGG_0045;MALAT1_A549_NGG_0076
gaussian_center_plus100_sigma200	balanced	0.986245	0.818182	MALAT1_A549_NGG_0046;MALAT1_A549_NGG_0047;MALAT1_A549_NGG_0048;MALAT1_A549_NGG_0045;MALAT1_A549_NGG_0076
gaussian_center_plus100_sigma200	efficacy_focused	0.823841	0.428571	MALAT1_A549_NGG_0046;MALAT1_A549_NGG_0047;MALAT1_A549_NGG_0048;MALAT1_A549_NGG_0045;MALAT1_A549_NGG_0049
gaussian_center_plus100_sigma200	safety_focused	0.928072	0.538462	MALAT1_A549_NGG_0046;MALAT1_A549_NGG_0047;MALAT1_A549_NGG_0048;MALAT1_A549_NGG_0045;MALAT1_A549_NGG_0076
