candidate_id	mean_p_top5_across_5_seeds	sd_p_top5_across_5_seeds	min_p_top5_across_5_seeds	max_p_top5_across_5_seeds	panel_flag
MALAT1_A549_NGG_0046	0.99854	0.00042778	0.9982	0.9991	1
MALAT1_A549_NGG_0047	0.98954	0.00140464	0.9876	0.9911	1
MALAT1_A549_NGG_0048	0.87654	0.00511889	0.868	0.8809	1
MALAT1_A549_NGG_0045	0.84158	0.00112339	0.84	0.843	1
MALAT1_A549_NGG_0076	0.57244	0.00411983	0.5677	0.5764	1
MALAT1_A549_NGG_0053	0.2801	0.0049371	0.2749	0.286	0
MALAT1_A549_NGG_0071	0.20678	0.00324299	0.2026	0.2097	1
MALAT1_A549_NGG_0052	0.16312	0.00250539	0.1602	0.1668	0
MALAT1_A549_NGG_0049	0.01786	0.00167272	0.0158	0.0202	0
MALAT1_A549_NGG_0079	0.011	0.00075829	0.01	0.0119	0
MALAT1_A549_NGG_0074	0.01078	0.00180472	0.0083	0.0126	0
MALAT1_A549_NGG_0042	0.00964	0.00107378	0.0084	0.0108	0
MALAT1_A549_NGG_0051	0.0065	0.00067823	0.0054	0.0071	0
MALAT1_A549_NGG_0015	0.00494	0.00082341	0.004	0.0062	0
MALAT1_A549_NGG_0055	0.00356	0.00082037	0.0024	0.0043	0
MALAT1_A549_NGG_0085	0.00292	0.00037014	0.0024	0.0033	0
MALAT1_A549_NGG_0067	0.00102	0.00038987	0.0006	0.0016	0
MALAT1_A549_NGG_0054	0.00054	0.00011402	0.0004	0.0007	0
MALAT1_A549_NGG_0086	0.00052	0.00026833	0.0003	0.0009	0
MALAT1_A549_NGG_0043	0.00044	0.000251	0.0002	0.0008	0
MALAT1_A549_NGG_0001	0.0003	0.00012247	0.0001	0.0004	0
MALAT1_A549_NGG_0040	0.00018	8.367e-05	0.0001	0.0003	0
MALAT1_A549_NGG_0041	0.00018	0.00014832	0.0	0.0004	0
MALAT1_A549_NGG_0050	0.00018	8.367e-05	0.0001	0.0003	0
MALAT1_A549_NGG_0068	0.00018	0.00013038	0.0	0.0003	0
MALAT1_A549_NGG_0072	0.00018	0.00017889	0.0001	0.0005	0
MALAT1_A549_NGG_0056	0.00016	0.00016733	0.0	0.0004	0
MALAT1_A549_NGG_0077	0.0001	0.0001	0.0	0.0002	0
MALAT1_A549_NGG_0078	6e-05	8.944e-05	0.0	0.0002	0
MALAT1_A549_NGG_0058	4e-05	5.477e-05	0.0	0.0001	0
MALAT1_A549_NGG_0060	4e-05	5.477e-05	0.0	0.0001	0
MALAT1_A549_NGG_0002	2e-05	4.472e-05	0.0	0.0001	0
MALAT1_A549_NGG_0057	2e-05	4.472e-05	0.0	0.0001	0
MALAT1_A549_NGG_0003	0.0	0.0	0.0	0.0	0
MALAT1_A549_NGG_0004	0.0	0.0	0.0	0.0	0
MALAT1_A549_NGG_0005	0.0	0.0	0.0	0.0	0
MALAT1_A549_NGG_0006	0.0	0.0	0.0	0.0	0
MALAT1_A549_NGG_0007	0.0	0.0	0.0	0.0	0
MALAT1_A549_NGG_0008	0.0	0.0	0.0	0.0	0
MALAT1_A549_NGG_0009	0.0	0.0	0.0	0.0	0
MALAT1_A549_NGG_0010	0.0	0.0	0.0	0.0	0
MALAT1_A549_NGG_0011	0.0	0.0	0.0	0.0	0
MALAT1_A549_NGG_0012	0.0	0.0	0.0	0.0	0
MALAT1_A549_NGG_0013	0.0	0.0	0.0	0.0	0
MALAT1_A549_NGG_0014	0.0	0.0	0.0	0.0	0
MALAT1_A549_NGG_0016	0.0	0.0	0.0	0.0	0
MALAT1_A549_NGG_0017	0.0	0.0	0.0	0.0	0
MALAT1_A549_NGG_0018	0.0	0.0	0.0	0.0	0
MALAT1_A549_NGG_0019	0.0	0.0	0.0	0.0	0
MALAT1_A549_NGG_0020	0.0	0.0	0.0	0.0	0
MALAT1_A549_NGG_0021	0.0	0.0	0.0	0.0	0
MALAT1_A549_NGG_0022	0.0	0.0	0.0	0.0	0
MALAT1_A549_NGG_0023	0.0	0.0	0.0	0.0	0
MALAT1_A549_NGG_0024	0.0	0.0	0.0	0.0	0
MALAT1_A549_NGG_0025	0.0	0.0	0.0	0.0	0
MALAT1_A549_NGG_0026	0.0	0.0	0.0	0.0	0
MALAT1_A549_NGG_0027	0.0	0.0	0.0	0.0	0
MALAT1_A549_NGG_0028	0.0	0.0	0.0	0.0	0
MALAT1_A549_NGG_0029	0.0	0.0	0.0	0.0	0
MALAT1_A549_NGG_0030	0.0	0.0	0.0	0.0	0
MALAT1_A549_NGG_0031	0.0	0.0	0.0	0.0	0
MALAT1_A549_NGG_0032	0.0	0.0	0.0	0.0	0
MALAT1_A549_NGG_0033	0.0	0.0	0.0	0.0	0
MALAT1_A549_NGG_0034	0.0	0.0	0.0	0.0	0
MALAT1_A549_NGG_0035	0.0	0.0	0.0	0.0	0
MALAT1_A549_NGG_0036	0.0	0.0	0.0	0.0	0
MALAT1_A549_NGG_0037	0.0	0.0	0.0	0.0	0
MALAT1_A549_NGG_0038	0.0	0.0	0.0	0.0	0
MALAT1_A549_NGG_0039	0.0	0.0	0.0	0.0	0
MALAT1_A549_NGG_0044	0.0	0.0	0.0	0.0	0
MALAT1_A549_NGG_0059	0.0	0.0	0.0	0.0	0
MALAT1_A549_NGG_0061	0.0	0.0	0.0	0.0	0
MALAT1_A549_NGG_0062	0.0	0.0	0.0	0.0	0
MALAT1_A549_NGG_0063	0.0	0.0	0.0	0.0	0
MALAT1_A549_NGG_0064	0.0	0.0	0.0	0.0	0
MALAT1_A549_NGG_0065	0.0	0.0	0.0	0.0	0
MALAT1_A549_NGG_0066	0.0	0.0	0.0	0.0	0
MALAT1_A549_NGG_0069	0.0	0.0	0.0	0.0	0
MALAT1_A549_NGG_0070	0.0	0.0	0.0	0.0	0
MALAT1_A549_NGG_0073	0.0	0.0	0.0	0.0	0
MALAT1_A549_NGG_0075	0.0	0.0	0.0	0.0	0
MALAT1_A549_NGG_0080	0.0	0.0	0.0	0.0	0
MALAT1_A549_NGG_0081	0.0	0.0	0.0	0.0	0
MALAT1_A549_NGG_0082	0.0	0.0	0.0	0.0	0
MALAT1_A549_NGG_0083	0.0	0.0	0.0	0.0	0
MALAT1_A549_NGG_0084	0.0	0.0	0.0	0.0	0
