candidate_id	minimum_rank_across_sequence_scenarios_profiles	maximum_rank_across_sequence_scenarios_profiles	mean_rank_across_sequence_scenarios_profiles	rank_range	locked_sequence_pass	panel_flag
MALAT1_A549_NGG_0046	1	1	1.0	0	1	1
MALAT1_A549_NGG_0047	2	2	2.0	0	1	1
MALAT1_A549_NGG_0048	3	4	3.5	1	1	1
MALAT1_A549_NGG_0045	4	5	4.5	1	1	1
MALAT1_A549_NGG_0076	5	16	8.888889	11	1	1
MALAT1_A549_NGG_0042	6	24	11.944444	18	1	0
MALAT1_A549_NGG_0071	7	22	12.444444	15	1	1
MALAT1_A549_NGG_0053	5	27	13.555556	22	1	0
MALAT1_A549_NGG_0052	6	29	14.944444	23	1	0
MALAT1_A549_NGG_0043	9	26	15.0	17	1	0
MALAT1_A549_NGG_0049	3	73	16.277778	70	0	0
MALAT1_A549_NGG_0041	11	27	16.666667	16	1	0
MALAT1_A549_NGG_0040	12	28	17.666667	16	1	0
MALAT1_A549_NGG_0015	6	37	18.222222	31	1	0
MALAT1_A549_NGG_0051	7	42	20.388889	35	1	0
MALAT1_A549_NGG_0074	16	31	21.444444	15	1	0
MALAT1_A549_NGG_0079	17	32	21.722222	15	1	0
MALAT1_A549_NGG_0001	8	49	22.388889	41	1	0
MALAT1_A549_NGG_0055	8	45	22.722222	37	1	0
MALAT1_A549_NGG_0044	19	29	23.277778	10	1	0
MALAT1_A549_NGG_0034	20	36	26.055556	16	1	0
MALAT1_A549_NGG_0002	10	53	26.277778	43	1	0
MALAT1_A549_NGG_0054	9	53	26.666667	44	1	0
MALAT1_A549_NGG_0056	10	55	28.388889	45	1	0
MALAT1_A549_NGG_0003	12	54	28.888889	42	1	0
MALAT1_A549_NGG_0050	6	74	29.5	68	0	0
MALAT1_A549_NGG_0067	25	33	29.666667	8	1	0
MALAT1_A549_NGG_0058	11	61	30.611111	50	1	0
MALAT1_A549_NGG_0004	15	59	31.666667	44	1	0
MALAT1_A549_NGG_0060	12	62	31.944444	50	1	0
MALAT1_A549_NGG_0005	16	58	32.277778	42	1	0
MALAT1_A549_NGG_0057	13	65	33.444444	52	1	0
MALAT1_A549_NGG_0068	28	39	33.944444	11	1	0
MALAT1_A549_NGG_0085	19	51	34.777778	32	1	0
MALAT1_A549_NGG_0077	26	43	35.055556	17	1	0
MALAT1_A549_NGG_0061	15	72	35.888889	57	1	0
MALAT1_A549_NGG_0072	29	42	36.333333	13	1	0
MALAT1_A549_NGG_0059	16	73	36.944444	57	1	0
MALAT1_A549_NGG_0036	21	69	38.277778	48	0	0
MALAT1_A549_NGG_0078	29	50	38.388889	21	1	0
MALAT1_A549_NGG_0086	22	55	39.166667	33	1	0
MALAT1_A549_NGG_0069	31	52	41.111111	21	1	0
MALAT1_A549_NGG_0075	33	55	44.277778	22	1	0
MALAT1_A549_NGG_0017	30	61	45.0	31	1	0
MALAT1_A549_NGG_0024	33	59	45.388889	26	1	0
MALAT1_A549_NGG_0028	11	64	47.0	53	0	0
MALAT1_A549_NGG_0007	27	71	47.166667	44	1	0
MALAT1_A549_NGG_0037	31	70	48.555556	39	0	0
MALAT1_A549_NGG_0023	37	65	49.888889	28	1	0
MALAT1_A549_NGG_0062	19	81	51.166667	62	0	0
MALAT1_A549_NGG_0070	36	80	51.333333	44	0	0
MALAT1_A549_NGG_0022	39	66	51.444444	27	1	0
MALAT1_A549_NGG_0010	34	75	52.055556	41	1	0
MALAT1_A549_NGG_0030	43	65	52.555556	22	1	0
MALAT1_A549_NGG_0016	38	72	53.944444	34	1	0
MALAT1_A549_NGG_0021	42	70	54.333333	28	1	0
MALAT1_A549_NGG_0063	22	85	55.222222	63	0	0
MALAT1_A549_NGG_0064	20	84	55.555556	64	0	0
MALAT1_A549_NGG_0039	30	76	58.944444	46	0	0
MALAT1_A549_NGG_0066	20	85	59.055556	65	0	0
MALAT1_A549_NGG_0083	30	85	60.888889	55	0	0
MALAT1_A549_NGG_0008	48	79	61.333333	31	1	0
MALAT1_A549_NGG_0065	25	86	62.055556	61	0	0
MALAT1_A549_NGG_0027	28	77	63.055556	49	0	0
MALAT1_A549_NGG_0019	50	79	63.333333	29	1	0
MALAT1_A549_NGG_0009	49	81	63.444444	32	1	0
MALAT1_A549_NGG_0038	38	77	63.611111	39	0	0
MALAT1_A549_NGG_0018	51	80	63.666667	29	1	0
MALAT1_A549_NGG_0073	42	81	63.833333	39	0	0
MALAT1_A549_NGG_0006	52	83	65.777778	31	1	0
MALAT1_A549_NGG_0033	56	79	66.166667	23	0	0
MALAT1_A549_NGG_0013	54	83	67.0	29	1	0
MALAT1_A549_NGG_0011	56	85	68.833333	29	1	0
MALAT1_A549_NGG_0014	56	85	69.277778	29	1	0
MALAT1_A549_NGG_0035	50	81	69.888889	31	0	0
MALAT1_A549_NGG_0029	46	80	70.333333	34	0	0
MALAT1_A549_NGG_0012	58	86	71.0	28	1	0
MALAT1_A549_NGG_0080	52	82	73.111111	30	0	0
MALAT1_A549_NGG_0031	63	83	74.333333	20	0	0
MALAT1_A549_NGG_0026	60	82	74.5	22	0	0
MALAT1_A549_NGG_0081	55	83	75.055556	28	0	0
MALAT1_A549_NGG_0020	58	85	75.055556	27	0	0
MALAT1_A549_NGG_0025	60	85	77.5	25	0	0
MALAT1_A549_NGG_0032	66	86	78.111111	20	0	0
MALAT1_A549_NGG_0082	65	85	80.166667	20	0	0
MALAT1_A549_NGG_0084	66	86	82.944444	20	0	0
