sequence_scenario	profile	spearman_vs_locked_balanced	top10_jaccard_vs_locked_balanced	top_5_candidates
locked_strict_composite	balanced	1.0	1.0	MALAT1_A549_NGG_0046;MALAT1_A549_NGG_0047;MALAT1_A549_NGG_0048;MALAT1_A549_NGG_0045;MALAT1_A549_NGG_0076
locked_strict_composite	efficacy_focused	0.828218	0.428571	MALAT1_A549_NGG_0046;MALAT1_A549_NGG_0047;MALAT1_A549_NGG_0048;MALAT1_A549_NGG_0045;MALAT1_A549_NGG_0049
locked_strict_composite	safety_focused	0.918487	0.538462	MALAT1_A549_NGG_0046;MALAT1_A549_NGG_0047;MALAT1_A549_NGG_0048;MALAT1_A549_NGG_0045;MALAT1_A549_NGG_0076
moderate_25_75_no_polyT_homopoly_le5	balanced	0.921977	0.818182	MALAT1_A549_NGG_0046;MALAT1_A549_NGG_0047;MALAT1_A549_NGG_0049;MALAT1_A549_NGG_0048;MALAT1_A549_NGG_0045
moderate_25_75_no_polyT_homopoly_le5	efficacy_focused	0.763347	0.428571	MALAT1_A549_NGG_0046;MALAT1_A549_NGG_0047;MALAT1_A549_NGG_0049;MALAT1_A549_NGG_0048;MALAT1_A549_NGG_0045
moderate_25_75_no_polyT_homopoly_le5	safety_focused	0.863786	0.666667	MALAT1_A549_NGG_0046;MALAT1_A549_NGG_0047;MALAT1_A549_NGG_0049;MALAT1_A549_NGG_0048;MALAT1_A549_NGG_0045
polyT_only	balanced	0.885315	0.818182	MALAT1_A549_NGG_0046;MALAT1_A549_NGG_0047;MALAT1_A549_NGG_0049;MALAT1_A549_NGG_0048;MALAT1_A549_NGG_0045
polyT_only	efficacy_focused	0.723723	0.428571	MALAT1_A549_NGG_0046;MALAT1_A549_NGG_0047;MALAT1_A549_NGG_0049;MALAT1_A549_NGG_0048;MALAT1_A549_NGG_0045
polyT_only	safety_focused	0.842408	0.666667	MALAT1_A549_NGG_0046;MALAT1_A549_NGG_0047;MALAT1_A549_NGG_0049;MALAT1_A549_NGG_0048;MALAT1_A549_NGG_0045
continuous_penalty	balanced	0.985905	1.0	MALAT1_A549_NGG_0046;MALAT1_A549_NGG_0047;MALAT1_A549_NGG_0048;MALAT1_A549_NGG_0045;MALAT1_A549_NGG_0049
continuous_penalty	efficacy_focused	0.796556	0.428571	MALAT1_A549_NGG_0046;MALAT1_A549_NGG_0047;MALAT1_A549_NGG_0048;MALAT1_A549_NGG_0045;MALAT1_A549_NGG_0049
continuous_penalty	safety_focused	0.920449	0.666667	MALAT1_A549_NGG_0046;MALAT1_A549_NGG_0047;MALAT1_A549_NGG_0048;MALAT1_A549_NGG_0045;MALAT1_A549_NGG_0076
no_sequence_domain	balanced	0.812142	0.818182	MALAT1_A549_NGG_0046;MALAT1_A549_NGG_0047;MALAT1_A549_NGG_0049;MALAT1_A549_NGG_0048;MALAT1_A549_NGG_0045
no_sequence_domain	efficacy_focused	0.63302	0.428571	MALAT1_A549_NGG_0046;MALAT1_A549_NGG_0047;MALAT1_A549_NGG_0049;MALAT1_A549_NGG_0048;MALAT1_A549_NGG_0045
no_sequence_domain	safety_focused	0.711269	0.666667	MALAT1_A549_NGG_0046;MALAT1_A549_NGG_0047;MALAT1_A549_NGG_0049;MALAT1_A549_NGG_0048;MALAT1_A549_NGG_0045
hard_locked_eligibility	balanced	0.914619	0.818182	MALAT1_A549_NGG_0046;MALAT1_A549_NGG_0047;MALAT1_A549_NGG_0048;MALAT1_A549_NGG_0045;MALAT1_A549_NGG_0076
hard_locked_eligibility	efficacy_focused	0.874277	0.333333	MALAT1_A549_NGG_0046;MALAT1_A549_NGG_0047;MALAT1_A549_NGG_0048;MALAT1_A549_NGG_0045;MALAT1_A549_NGG_0053
hard_locked_eligibility	safety_focused	0.858484	0.538462	MALAT1_A549_NGG_0046;MALAT1_A549_NGG_0047;MALAT1_A549_NGG_0048;MALAT1_A549_NGG_0045;MALAT1_A549_NGG_0076
