uncertainty_source	candidate_id	p_rank_1	p_top_5	mean_rank	mean_rank_shift_vs_central	utility_sd	panel_flag
weights_only	MALAT1_A549_NGG_0001	0.0	0.0001	35.3954	-2.6046	0.05495256	0
weights_only	MALAT1_A549_NGG_0002	0.0	0.0	39.26275	0.26275	0.05663522	0
weights_only	MALAT1_A549_NGG_0003	0.0	0.0	41.3536	1.3536	0.05734746	0
weights_only	MALAT1_A549_NGG_0004	0.0	0.0	43.39335	2.39335	0.05792387	0
weights_only	MALAT1_A549_NGG_0005	0.0	0.0	44.04635	2.04635	0.0579718	0
weights_only	MALAT1_A549_NGG_0006	0.0	0.0	64.73305	-0.26695	0.047227	0
weights_only	MALAT1_A549_NGG_0007	0.0	0.0	48.4625	3.4625	0.04331489	0
weights_only	MALAT1_A549_NGG_0008	0.0	0.0	60.19365	0.19365	0.04615654	0
weights_only	MALAT1_A549_NGG_0009	0.0	0.0	62.2169	-0.7831	0.04660528	0
weights_only	MALAT1_A549_NGG_0010	0.0	0.0	53.0595	0.0595	0.04379917	0
weights_only	MALAT1_A549_NGG_0011	0.0	0.0	67.32915	0.32915	0.04769232	0
weights_only	MALAT1_A549_NGG_0012	0.0	0.0	69.7214	0.7214	0.04828244	0
weights_only	MALAT1_A549_NGG_0013	0.0	0.0	65.41725	-0.58275	0.04733224	0
weights_only	MALAT1_A549_NGG_0014	0.0	0.0	68.04435	0.04435	0.04787017	0
weights_only	MALAT1_A549_NGG_0015	0.0	0.00195	25.4446	-0.5554	0.04616583	0
weights_only	MALAT1_A549_NGG_0016	0.0	0.0	54.5391	-1.4609	0.04327332	0
weights_only	MALAT1_A549_NGG_0017	0.0	0.0	46.0274	3.0274	0.04150401	0
weights_only	MALAT1_A549_NGG_0018	0.0	0.0	61.762	-0.238	0.04673917	0
weights_only	MALAT1_A549_NGG_0019	0.0	0.0	61.28545	0.28545	0.04676383	0
weights_only	MALAT1_A549_NGG_0020	0.0	0.0	83.4825	-0.5175	0.03569742	0
weights_only	MALAT1_A549_NGG_0021	0.0	0.0	54.17275	-0.82725	0.04337385	0
weights_only	MALAT1_A549_NGG_0022	0.0	0.0	51.5449	2.5449	0.04282348	0
weights_only	MALAT1_A549_NGG_0023	0.0	0.0	49.84375	1.84375	0.04252691	0
weights_only	MALAT1_A549_NGG_0024	0.0	0.0	46.4569	2.4569	0.04137767	0
weights_only	MALAT1_A549_NGG_0025	0.0	0.0	85.4103	-0.5897	0.03755493	0
weights_only	MALAT1_A549_NGG_0026	0.0	0.0	82.38125	-0.61875	0.0365645	0
weights_only	MALAT1_A549_NGG_0027	0.0	0.0	70.9908	-4.0092	0.03432593	0
weights_only	MALAT1_A549_NGG_0028	0.0	0.0	55.5996	-1.4004	0.03850105	0
weights_only	MALAT1_A549_NGG_0029	0.0	0.0	78.4965	-1.5035	0.03535805	0
weights_only	MALAT1_A549_NGG_0030	0.0	0.0	51.65435	0.65435	0.04391791	0
weights_only	MALAT1_A549_NGG_0031	0.0	0.0	81.1037	0.1037	0.03810411	0
weights_only	MALAT1_A549_NGG_0032	0.0	0.0	84.56805	-0.43195	0.03950416	0
weights_only	MALAT1_A549_NGG_0033	0.0	0.0	82.3211	0.3211	0.03946586	0
weights_only	MALAT1_A549_NGG_0034	0.0	0.0	34.03975	-1.96025	0.03609084	0
weights_only	MALAT1_A549_NGG_0035	0.0	0.0	77.8119	-1.1881	0.04234669	0
weights_only	MALAT1_A549_NGG_0036	0.0	0.0	58.81135	-0.18865	0.03733209	0
weights_only	MALAT1_A549_NGG_0037	0.0	0.0	69.4219	-3.5781	0.04060831	0
weights_only	MALAT1_A549_NGG_0038	0.0	0.0	71.49055	-2.50945	0.04176657	0
weights_only	MALAT1_A549_NGG_0039	0.0	0.0	66.05425	-4.94575	0.04014837	0
weights_only	MALAT1_A549_NGG_0040	0.0	0.0	24.36545	0.36545	0.03581733	0
weights_only	MALAT1_A549_NGG_0041	0.0	0.0	22.7943	-0.2057	0.035739	0
weights_only	MALAT1_A549_NGG_0042	0.0	0.0	15.20555	2.20555	0.03416726	0
weights_only	MALAT1_A549_NGG_0043	0.0	0.0	20.66145	-1.33855	0.03546275	0
weights_only	MALAT1_A549_NGG_0044	0.0	0.0	31.643	-1.357	0.03944191	0
weights_only	MALAT1_A549_NGG_0045	0.0	0.87395	4.51965	0.51965	0.03125151	1
weights_only	MALAT1_A549_NGG_0046	0.9469	0.99995	1.0615	0.0615	0.02571446	1
weights_only	MALAT1_A549_NGG_0047	0.0	0.9987	2.1655	0.1655	0.02770953	1
weights_only	MALAT1_A549_NGG_0048	0.0	0.99115	3.47205	0.47205	0.0319005	1
weights_only	MALAT1_A549_NGG_0049	0.0	0.00395	22.0712	1.0712	0.04338777	0
weights_only	MALAT1_A549_NGG_0050	0.0	0.0	31.1225	-0.8775	0.04159008	0
weights_only	MALAT1_A549_NGG_0051	0.0	0.0	10.5626	1.5626	0.0388778	0
weights_only	MALAT1_A549_NGG_0052	0.0	0.0	7.66775	0.66775	0.03382204	0
weights_only	MALAT1_A549_NGG_0053	0.0	0.3345	6.3781	0.3781	0.03272862	0
weights_only	MALAT1_A549_NGG_0054	0.0	0.0	14.1663	3.1663	0.04180535	0
weights_only	MALAT1_A549_NGG_0055	0.0	0.0	11.96045	1.96045	0.03968413	0
weights_only	MALAT1_A549_NGG_0056	0.0	0.0	15.6786	3.6786	0.04261308	0
weights_only	MALAT1_A549_NGG_0057	0.0	0.0	20.21425	2.21425	0.04483427	0
weights_only	MALAT1_A549_NGG_0058	0.0	0.0	17.5931	3.5931	0.04396268	0
weights_only	MALAT1_A549_NGG_0059	0.0	0.0	23.69155	3.69155	0.04683529	0
weights_only	MALAT1_A549_NGG_0060	0.0	0.0	18.8543	3.8543	0.04433211	0
weights_only	MALAT1_A549_NGG_0061	0.0	0.0	22.58575	3.58575	0.04669729	0
weights_only	MALAT1_A549_NGG_0062	0.0	0.0	47.7403	1.7403	0.04930938	0
weights_only	MALAT1_A549_NGG_0063	0.0	0.0	52.66965	0.66965	0.0507839	0
weights_only	MALAT1_A549_NGG_0064	0.0	0.0	51.348	1.348	0.05053574	0
weights_only	MALAT1_A549_NGG_0065	0.0	0.0	54.40575	0.40575	0.05134438	0
weights_only	MALAT1_A549_NGG_0066	0.0	0.0	49.6437	2.6437	0.04999216	0
weights_only	MALAT1_A549_NGG_0067	0.0	0.0	22.47215	-2.52785	0.04546132	0
weights_only	MALAT1_A549_NGG_0068	0.0	0.0	26.50375	-0.49625	0.04825083	0
weights_only	MALAT1_A549_NGG_0069	0.0	0.0	32.56665	-1.43335	0.05199558	0
weights_only	MALAT1_A549_NGG_0070	0.0	0.0	55.6318	-2.3682	0.0486382	0
weights_only	MALAT1_A549_NGG_0071	0.00025	0.13115	8.1991	0.1991	0.0337563	1
weights_only	MALAT1_A549_NGG_0072	0.0	0.0	27.9516	-0.0484	0.0486303	0
weights_only	MALAT1_A549_NGG_0073	0.0	0.0	61.5199	-2.4801	0.05041105	0
weights_only	MALAT1_A549_NGG_0074	0.0	0.00215	16.4292	0.4292	0.0369069	0
weights_only	MALAT1_A549_NGG_0075	0.0	0.0	36.3033	-0.6967	0.04891657	0
weights_only	MALAT1_A549_NGG_0076	0.05285	0.65595	5.53885	0.53885	0.03357853	1
weights_only	MALAT1_A549_NGG_0077	0.0	0.0	27.65265	-1.34735	0.04283309	0
weights_only	MALAT1_A549_NGG_0078	0.0	0.0	31.1046	0.1046	0.04440197	0
weights_only	MALAT1_A549_NGG_0079	0.0	0.00495	16.52265	-0.47735	0.03622103	0
weights_only	MALAT1_A549_NGG_0080	0.0	0.0	68.4013	-3.5987	0.04553119	0
weights_only	MALAT1_A549_NGG_0081	0.0	0.0	72.957	-3.043	0.044224	0
weights_only	MALAT1_A549_NGG_0082	0.0	0.0	77.6416	0.6416	0.04549264	0
weights_only	MALAT1_A549_NGG_0083	0.0	0.0	65.3282	-4.6718	0.04220066	0
weights_only	MALAT1_A549_NGG_0084	0.0	0.0	77.71175	-0.28825	0.04454773	0
weights_only	MALAT1_A549_NGG_0085	0.0	0.00155	27.26835	-2.73165	0.0470047	0
weights_only	MALAT1_A549_NGG_0086	0.0	0.0	31.7094	-3.2906	0.0469394	0
position_only	MALAT1_A549_NGG_0001	0.0	0.0	37.70975	-0.29025	0.00067145	0
position_only	MALAT1_A549_NGG_0002	0.0	0.0	39.0	0.0	0.00067245	0
position_only	MALAT1_A549_NGG_0003	0.0	0.0	40.0	0.0	0.00067353	0
position_only	MALAT1_A549_NGG_0004	0.0	0.0	41.0	0.0	0.0006747	0
position_only	MALAT1_A549_NGG_0005	0.0	0.0	42.0	0.0	0.00075624	0
position_only	MALAT1_A549_NGG_0006	0.0	0.0	64.5745	-0.4255	0.0007673	0
position_only	MALAT1_A549_NGG_0007	0.0	0.0	45.042	0.042	0.00079505	0
position_only	MALAT1_A549_NGG_0008	0.0	0.0	59.80335	-0.19665	0.00079923	0
position_only	MALAT1_A549_NGG_0009	0.0	0.0	63.3945	0.3945	0.00081205	0
position_only	MALAT1_A549_NGG_0010	0.0	0.0	53.00205	0.00205	0.00081642	0
position_only	MALAT1_A549_NGG_0011	0.0	0.0	66.7468	-0.2532	0.00082084	0
position_only	MALAT1_A549_NGG_0012	0.0	0.0	69.0654	0.0654	0.00084829	0
position_only	MALAT1_A549_NGG_0013	0.0	0.0	65.61905	-0.38095	0.00086744	0
position_only	MALAT1_A549_NGG_0014	0.0	0.0	67.8054	-0.1946	0.00087233	0
position_only	MALAT1_A549_NGG_0015	0.0	0.0	26.29415	0.29415	0.00089734	0
position_only	MALAT1_A549_NGG_0016	0.0	0.0	55.88475	-0.11525	0.00109356	0
position_only	MALAT1_A549_NGG_0017	0.0	0.0	43.0	0.0	0.00109959	0
position_only	MALAT1_A549_NGG_0018	0.0	0.0	62.1413	0.1413	0.00115476	0
position_only	MALAT1_A549_NGG_0019	0.0	0.0	61.1169	0.1169	0.00117346	0
position_only	MALAT1_A549_NGG_0020	0.0	0.0	84.0	0.0	0.00124962	0
position_only	MALAT1_A549_NGG_0021	0.0	0.0	54.49885	-0.50115	0.00140063	0
position_only	MALAT1_A549_NGG_0022	0.0	0.0	49.5563	0.5563	0.00145441	0
position_only	MALAT1_A549_NGG_0023	0.0	0.0	47.7805	-0.2195	0.00146117	0
position_only	MALAT1_A549_NGG_0024	0.0	0.0	44.0	0.0	0.0015019	0
position_only	MALAT1_A549_NGG_0025	0.0	0.0	86.0	0.0	0.00161872	0
position_only	MALAT1_A549_NGG_0026	0.0	0.0	82.9442	-0.0558	0.00162565	0
position_only	MALAT1_A549_NGG_0027	0.0	0.0	74.49375	-0.50625	0.00163259	0
position_only	MALAT1_A549_NGG_0028	0.0	0.0	57.28875	0.28875	0.00163953	0
position_only	MALAT1_A549_NGG_0029	0.0	0.0	79.96045	-0.03955	0.00170926	0
position_only	MALAT1_A549_NGG_0030	0.0	0.0	50.8676	-0.1324	0.00177245	0
position_only	MALAT1_A549_NGG_0031	0.0	0.0	81.0	0.0	0.00196414	0
position_only	MALAT1_A549_NGG_0032	0.0	0.0	85.0	0.0	0.00197129	0
position_only	MALAT1_A549_NGG_0033	0.0	0.0	82.0558	0.0558	0.00210056	0
position_only	MALAT1_A549_NGG_0034	0.0	0.0	35.92855	-0.07145	0.00238354	0
position_only	MALAT1_A549_NGG_0035	0.0	0.0	78.70785	-0.29215	0.00275785	0
position_only	MALAT1_A549_NGG_0036	0.0	0.0	59.20235	0.20235	0.00306117	0
position_only	MALAT1_A549_NGG_0037	0.0	0.0	72.6084	-0.3916	0.00314282	0
position_only	MALAT1_A549_NGG_0038	0.0	0.0	74.32075	0.32075	0.00319484	0
position_only	MALAT1_A549_NGG_0039	0.0	0.0	70.7328	-0.2672	0.00321714	0
position_only	MALAT1_A549_NGG_0040	0.0	0.0	24.49135	0.49135	0.00323945	0
position_only	MALAT1_A549_NGG_0041	0.0	0.0	23.1597	0.1597	0.00326918	0
position_only	MALAT1_A549_NGG_0042	0.0	0.0	13.3278	0.3278	0.00327654	0
position_only	MALAT1_A549_NGG_0043	0.0	0.0	21.6164	-0.3836	0.00329636	0
position_only	MALAT1_A549_NGG_0044	0.0	0.0	32.05625	-0.94375	0.00330099	0
position_only	MALAT1_A549_NGG_0045	0.0	1.0	3.9721	-0.0279	0.0031575	1
position_only	MALAT1_A549_NGG_0046	1.0	1.0	1.0	0.0	0.00108457	1
position_only	MALAT1_A549_NGG_0047	0.0	1.0	2.0	0.0	3.81e-06	1
position_only	MALAT1_A549_NGG_0048	0.0	1.0	3.1876	0.1876	9e-08	1
position_only	MALAT1_A549_NGG_0049	0.0	0.0	21.1603	0.1603	1e-07	0
position_only	MALAT1_A549_NGG_0050	0.0	0.0	31.841	-0.159	0.0	0
position_only	MALAT1_A549_NGG_0051	0.0	0.0	9.0017	0.0017	1e-07	0
position_only	MALAT1_A549_NGG_0052	0.0	0.0	7.0	0.0	1.6e-07	0
position_only	MALAT1_A549_NGG_0053	0.0	0.00335	5.99665	-0.00335	5e-08	0
position_only	MALAT1_A549_NGG_0054	0.0	0.0	11.27085	0.27085	0.0	0
position_only	MALAT1_A549_NGG_0055	0.0	0.0	10.0375	0.0375	0.0	0
position_only	MALAT1_A549_NGG_0056	0.0	0.0	12.65695	0.65695	1.5e-07	0
position_only	MALAT1_A549_NGG_0057	0.0	0.0	17.1365	-0.8635	1.1e-07	0
position_only	MALAT1_A549_NGG_0058	0.0	0.0	14.7602	0.7602	1e-07	0
position_only	MALAT1_A549_NGG_0059	0.0	0.0	19.8083	-0.1917	1e-07	0
position_only	MALAT1_A549_NGG_0060	0.0	0.0	15.93335	0.93335	0.0	0
position_only	MALAT1_A549_NGG_0061	0.0	0.0	18.75475	-0.24525	0.0	0
position_only	MALAT1_A549_NGG_0062	0.0	0.0	45.958	-0.042	0.0	0
position_only	MALAT1_A549_NGG_0063	0.0	0.0	51.6856	-0.3144	0.0	0
position_only	MALAT1_A549_NGG_0064	0.0	0.0	49.88345	-0.11655	0.0	0
position_only	MALAT1_A549_NGG_0065	0.0	0.0	54.61055	0.61055	7e-08	0
position_only	MALAT1_A549_NGG_0066	0.0	0.0	47.23035	0.23035	0.0	0
position_only	MALAT1_A549_NGG_0067	0.0	0.0	24.5551	-0.4449	0.0	0
position_only	MALAT1_A549_NGG_0068	0.0	0.0	27.5303	0.5303	0.0	0
position_only	MALAT1_A549_NGG_0069	0.0	0.0	33.7316	-0.2684	0.0	0
position_only	MALAT1_A549_NGG_0070	0.0	0.0	57.71125	-0.28875	4e-08	0
position_only	MALAT1_A549_NGG_0071	0.0	0.0	8.0	0.0	1.356e-05	1
position_only	MALAT1_A549_NGG_0072	0.0	0.0	28.6873	0.6873	0.00153026	0
position_only	MALAT1_A549_NGG_0073	0.0	0.0	65.0552	1.0552	0.00939194	0
position_only	MALAT1_A549_NGG_0074	0.0	0.0	15.6904	-0.3096	0.01249688	0
position_only	MALAT1_A549_NGG_0075	0.0	0.0	36.79575	-0.20425	0.01245589	0
position_only	MALAT1_A549_NGG_0076	0.0	0.99665	4.84365	-0.15635	0.01240895	1
position_only	MALAT1_A549_NGG_0077	0.0	0.0	28.46395	-0.53605	0.01235627	0
position_only	MALAT1_A549_NGG_0078	0.0	0.0	31.85795	0.85795	0.01229712	0
position_only	MALAT1_A549_NGG_0079	0.0	0.0	15.86675	-1.13325	0.01147934	0
position_only	MALAT1_A549_NGG_0080	0.0	0.0	72.3273	0.3273	0.01062051	0
position_only	MALAT1_A549_NGG_0081	0.0	0.0	75.83065	-0.16935	0.00759077	0
position_only	MALAT1_A549_NGG_0082	0.0	0.0	77.7187	0.7187	0.0060545	0
position_only	MALAT1_A549_NGG_0083	0.0	0.0	70.1616	0.1616	0.0038123	0
position_only	MALAT1_A549_NGG_0084	0.0	0.0	77.613	-0.387	0.00251143	0
position_only	MALAT1_A549_NGG_0085	0.0	0.0	29.77705	-0.22295	0.00180658	0
position_only	MALAT1_A549_NGG_0086	0.0	0.0	35.0985	0.0985	0.00176539	0
ATAC_only	MALAT1_A549_NGG_0001	0.0	0.0	37.95705	-0.04295	0.00717691	0
ATAC_only	MALAT1_A549_NGG_0002	0.0	0.0	38.9932	-0.0068	0.00717691	0
ATAC_only	MALAT1_A549_NGG_0003	0.0	0.0	39.9959	-0.0041	0.00717691	0
ATAC_only	MALAT1_A549_NGG_0004	0.0	0.0	40.9976	-0.0024	0.00717691	0
ATAC_only	MALAT1_A549_NGG_0005	0.0	0.0	41.99825	-0.00175	0.00717691	0
ATAC_only	MALAT1_A549_NGG_0006	0.0	0.0	64.9529	-0.0471	0.00717691	0
ATAC_only	MALAT1_A549_NGG_0007	0.0	0.0	46.2917	1.2917	0.00717691	0
ATAC_only	MALAT1_A549_NGG_0008	0.0	0.0	59.8798	-0.1202	0.00717691	0
ATAC_only	MALAT1_A549_NGG_0009	0.0	0.0	62.92345	-0.07655	0.00717691	0
ATAC_only	MALAT1_A549_NGG_0010	0.0	0.0	52.57985	-0.42015	0.00717691	0
ATAC_only	MALAT1_A549_NGG_0011	0.0	0.0	66.96925	-0.03075	0.00717691	0
ATAC_only	MALAT1_A549_NGG_0012	0.0	0.0	68.97955	-0.02045	0.00717691	0
ATAC_only	MALAT1_A549_NGG_0013	0.0	0.0	65.9585	-0.0415	0.00717691	0
ATAC_only	MALAT1_A549_NGG_0014	0.0	0.0	67.9722	-0.0278	0.00717691	0
ATAC_only	MALAT1_A549_NGG_0015	0.0	0.0	25.72505	-0.27495	0.00717691	0
ATAC_only	MALAT1_A549_NGG_0016	0.0	0.0	54.871	-1.129	0.00717691	0
ATAC_only	MALAT1_A549_NGG_0017	0.0	0.0	43.426	0.426	0.00717691	0
ATAC_only	MALAT1_A549_NGG_0018	0.0	0.0	61.9096	-0.0904	0.00717691	0
ATAC_only	MALAT1_A549_NGG_0019	0.0	0.0	60.90805	-0.09195	0.00717691	0
ATAC_only	MALAT1_A549_NGG_0020	0.0	0.0	84.0	0.0	0.00717691	0
ATAC_only	MALAT1_A549_NGG_0021	0.0	0.0	53.75795	-1.24205	0.00717691	0
ATAC_only	MALAT1_A549_NGG_0022	0.0	0.0	50.09945	1.09945	0.00717691	0
ATAC_only	MALAT1_A549_NGG_0023	0.0	0.0	48.67805	0.67805	0.00717691	0
ATAC_only	MALAT1_A549_NGG_0024	0.0	0.0	44.62895	0.62895	0.00717691	0
ATAC_only	MALAT1_A549_NGG_0025	0.0	0.0	86.0	0.0	0.00717691	0
ATAC_only	MALAT1_A549_NGG_0026	0.0	0.0	83.0	0.0	0.00717691	0
ATAC_only	MALAT1_A549_NGG_0027	0.0	0.0	74.9978	-0.0022	0.00717691	0
ATAC_only	MALAT1_A549_NGG_0028	0.0	0.0	56.58215	-0.41785	0.00717691	0
ATAC_only	MALAT1_A549_NGG_0029	0.0	0.0	80.0	0.0	0.00717691	0
ATAC_only	MALAT1_A549_NGG_0030	0.0	0.0	51.19335	0.19335	0.00717691	0
ATAC_only	MALAT1_A549_NGG_0031	0.0	0.0	81.0	0.0	0.00717691	0
ATAC_only	MALAT1_A549_NGG_0032	0.0	0.0	85.0	0.0	0.00717691	0
ATAC_only	MALAT1_A549_NGG_0033	0.0	0.0	82.0	0.0	0.00717691	0
ATAC_only	MALAT1_A549_NGG_0034	0.0	0.0	35.83	-0.17	0.00717691	0
ATAC_only	MALAT1_A549_NGG_0035	0.0	0.0	79.0	0.0	0.00717691	0
ATAC_only	MALAT1_A549_NGG_0036	0.0	0.0	58.85555	-0.14445	0.00717691	0
ATAC_only	MALAT1_A549_NGG_0037	0.0	0.0	72.99585	-0.00415	0.00717691	0
ATAC_only	MALAT1_A549_NGG_0038	0.0	0.0	73.99775	-0.00225	0.00717691	0
ATAC_only	MALAT1_A549_NGG_0039	0.0	0.0	70.9869	-0.0131	0.00717691	0
ATAC_only	MALAT1_A549_NGG_0040	0.0	0.0	23.37355	-0.62645	0.00717691	0
ATAC_only	MALAT1_A549_NGG_0041	0.0	0.0	22.21055	-0.78945	0.00717691	0
ATAC_only	MALAT1_A549_NGG_0042	0.0	5e-05	13.34225	0.34225	0.00717691	0
ATAC_only	MALAT1_A549_NGG_0043	0.0	0.0	20.77515	-1.22485	0.00717691	0
ATAC_only	MALAT1_A549_NGG_0044	0.0	0.0	32.5837	-0.4163	0.00717691	0
ATAC_only	MALAT1_A549_NGG_0045	0.0	0.9929	4.10985	0.10985	0.00717691	1
ATAC_only	MALAT1_A549_NGG_0046	0.99905	1.0	1.001	0.001	0.00717691	1
ATAC_only	MALAT1_A549_NGG_0047	0.0	1.0	2.00605	0.00605	0.00717691	1
ATAC_only	MALAT1_A549_NGG_0048	0.0	0.99995	3.08385	0.08385	0.00717691	1
ATAC_only	MALAT1_A549_NGG_0049	0.0	0.0	22.1619	1.1619	0.00717691	0
ATAC_only	MALAT1_A549_NGG_0050	0.0	0.0	31.97295	-0.02705	0.00717691	0
ATAC_only	MALAT1_A549_NGG_0051	0.0	0.0	9.1597	0.1597	0.00717691	0
ATAC_only	MALAT1_A549_NGG_0052	0.0	0.0	7.34355	0.34355	0.00717691	0
ATAC_only	MALAT1_A549_NGG_0053	0.0	0.0	6.1878	0.1878	0.00717691	0
ATAC_only	MALAT1_A549_NGG_0054	0.0	0.0	11.59555	0.59555	0.00717691	0
ATAC_only	MALAT1_A549_NGG_0055	0.0	0.0	10.232	0.232	0.00717691	0
ATAC_only	MALAT1_A549_NGG_0056	0.0	0.0	12.83615	0.83615	0.00717691	0
ATAC_only	MALAT1_A549_NGG_0057	0.0	0.0	17.0293	-0.9707	0.00717691	0
ATAC_only	MALAT1_A549_NGG_0058	0.0	0.0	14.44565	0.44565	0.00717691	0
ATAC_only	MALAT1_A549_NGG_0059	0.0	0.0	20.68515	0.68515	0.00717691	0
ATAC_only	MALAT1_A549_NGG_0060	0.0	0.0	15.66995	0.66995	0.00717691	0
ATAC_only	MALAT1_A549_NGG_0061	0.0	0.0	19.55215	0.55215	0.00717691	0
ATAC_only	MALAT1_A549_NGG_0062	0.0	0.0	45.81205	-0.18795	0.00717691	0
ATAC_only	MALAT1_A549_NGG_0063	0.0	0.0	51.54325	-0.45675	0.00717691	0
ATAC_only	MALAT1_A549_NGG_0064	0.0	0.0	50.12315	0.12315	0.00717691	0
ATAC_only	MALAT1_A549_NGG_0065	0.0	0.0	53.53555	-0.46445	0.00717691	0
ATAC_only	MALAT1_A549_NGG_0066	0.0	0.0	48.0594	1.0594	0.00717691	0
ATAC_only	MALAT1_A549_NGG_0067	0.0	0.0	24.4076	-0.5924	0.00717691	0
ATAC_only	MALAT1_A549_NGG_0068	0.0	0.0	26.833	-0.167	0.00717691	0
ATAC_only	MALAT1_A549_NGG_0069	0.0	0.0	33.7147	-0.2853	0.00717691	0
ATAC_only	MALAT1_A549_NGG_0070	0.0	0.0	57.60775	-0.39225	0.00717691	0
ATAC_only	MALAT1_A549_NGG_0071	0.0	0.0071	7.4699	-0.5301	0.00717691	1
ATAC_only	MALAT1_A549_NGG_0072	0.0	0.0	27.94305	-0.05695	0.00717691	0
ATAC_only	MALAT1_A549_NGG_0073	0.0	0.0	63.94385	-0.05615	0.00717691	0
ATAC_only	MALAT1_A549_NGG_0074	0.0	0.0	15.71445	-0.28555	0.00717691	0
ATAC_only	MALAT1_A549_NGG_0075	0.0	0.0	36.9299	-0.0701	0.00717691	0
ATAC_only	MALAT1_A549_NGG_0076	0.00095	1.0	4.8124	-0.1876	0.00717691	1
ATAC_only	MALAT1_A549_NGG_0077	0.0	0.0	29.0405	0.0405	0.00717691	0
ATAC_only	MALAT1_A549_NGG_0078	0.0	0.0	31.5482	0.5482	0.00717691	0
ATAC_only	MALAT1_A549_NGG_0079	0.0	0.0	16.76595	-0.23405	0.00717691	0
ATAC_only	MALAT1_A549_NGG_0080	0.0	0.0	71.9948	-0.0052	0.00717691	0
ATAC_only	MALAT1_A549_NGG_0081	0.0	0.0	75.9992	-0.0008	0.00717691	0
ATAC_only	MALAT1_A549_NGG_0082	0.0	0.0	77.0	0.0	0.00717691	0
ATAC_only	MALAT1_A549_NGG_0083	0.0	0.0	69.9846	-0.0154	0.00717691	0
ATAC_only	MALAT1_A549_NGG_0084	0.0	0.0	78.0	0.0	0.00717691	0
ATAC_only	MALAT1_A549_NGG_0085	0.0	0.0	30.1806	0.1806	0.00717691	0
ATAC_only	MALAT1_A549_NGG_0086	0.0	0.0	34.78575	-0.21425	0.00717691	0
local_context_only	MALAT1_A549_NGG_0001	0.0	0.0	37.0513	-0.9487	1.4e-07	0
local_context_only	MALAT1_A549_NGG_0002	0.0	0.0	38.9352	-0.0648	0.0	0
local_context_only	MALAT1_A549_NGG_0003	0.0	0.0	40.11155	0.11155	0.0	0
local_context_only	MALAT1_A549_NGG_0004	0.0	0.0	41.3266	0.3266	0.0	0
local_context_only	MALAT1_A549_NGG_0005	0.0	0.0	42.4368	0.4368	1.1e-07	0
local_context_only	MALAT1_A549_NGG_0006	0.0	0.0	64.44695	-0.55305	0.01688105	0
local_context_only	MALAT1_A549_NGG_0007	0.0	0.0	45.88935	0.88935	0.01688105	0
local_context_only	MALAT1_A549_NGG_0008	0.0	0.0	59.86855	-0.13145	0.01688105	0
local_context_only	MALAT1_A549_NGG_0009	0.0	0.0	63.1549	0.1549	0.01688105	0
local_context_only	MALAT1_A549_NGG_0010	0.0	0.0	51.78535	-1.21465	0.01688105	0
local_context_only	MALAT1_A549_NGG_0011	0.0	0.0	66.689	-0.311	0.01688105	0
local_context_only	MALAT1_A549_NGG_0012	0.0	0.0	68.96435	-0.03565	0.01688105	0
local_context_only	MALAT1_A549_NGG_0013	0.0	0.0	65.5119	-0.4881	0.01688105	0
local_context_only	MALAT1_A549_NGG_0014	0.0	0.0	67.75845	-0.24155	0.01688105	0
local_context_only	MALAT1_A549_NGG_0015	0.0	0.0	26.3446	0.3446	0.01688105	0
local_context_only	MALAT1_A549_NGG_0016	0.0	0.0	54.20195	-1.79805	0.01688105	0
local_context_only	MALAT1_A549_NGG_0017	0.0	0.0	43.21055	0.21055	0.01688105	0
local_context_only	MALAT1_A549_NGG_0018	0.0	0.0	62.0491	0.0491	0.01688105	0
local_context_only	MALAT1_A549_NGG_0019	0.0	0.0	61.03785	0.03785	0.01688105	0
local_context_only	MALAT1_A549_NGG_0020	0.0	0.0	83.7793	-0.2207	0.01688105	0
local_context_only	MALAT1_A549_NGG_0021	0.0	0.0	53.03365	-1.96635	0.01688105	0
local_context_only	MALAT1_A549_NGG_0022	0.0	0.0	49.22615	0.22615	0.01688105	0
local_context_only	MALAT1_A549_NGG_0023	0.0	0.0	47.846	-0.154	0.01688105	0
local_context_only	MALAT1_A549_NGG_0024	0.0	0.0	44.415	0.415	0.01688105	0
local_context_only	MALAT1_A549_NGG_0025	0.0	0.0	85.88005	-0.11995	0.01688105	0
local_context_only	MALAT1_A549_NGG_0026	0.0	0.0	82.69015	-0.30985	0.01688105	0
local_context_only	MALAT1_A549_NGG_0027	0.0	0.0	74.4284	-0.5716	0.01688105	0
local_context_only	MALAT1_A549_NGG_0028	0.0	0.0	56.6985	-0.3015	0.01688105	0
local_context_only	MALAT1_A549_NGG_0029	0.0	0.0	78.95635	-1.04365	0.01688105	0
local_context_only	MALAT1_A549_NGG_0030	0.0	0.0	50.32855	-0.67145	0.01688105	0
local_context_only	MALAT1_A549_NGG_0031	0.0	0.0	80.59425	-0.40575	0.01688105	0
local_context_only	MALAT1_A549_NGG_0032	0.0	0.0	84.8415	-0.1585	0.01688105	0
local_context_only	MALAT1_A549_NGG_0033	0.0	0.0	81.67305	-0.32695	0.01688105	0
local_context_only	MALAT1_A549_NGG_0034	0.0	0.0	33.66955	-2.33045	0.01688105	0
local_context_only	MALAT1_A549_NGG_0035	0.0	0.0	77.7572	-1.2428	0.01688105	0
local_context_only	MALAT1_A549_NGG_0036	0.0	0.0	58.7361	-0.2639	0.01688105	0
local_context_only	MALAT1_A549_NGG_0037	0.0	0.0	72.02265	-0.97735	0.01688105	0
local_context_only	MALAT1_A549_NGG_0038	0.0	0.0	73.41105	-0.58895	0.01688105	0
local_context_only	MALAT1_A549_NGG_0039	0.0	0.0	70.2819	-0.7181	0.01688105	0
local_context_only	MALAT1_A549_NGG_0040	0.0	0.0	23.77975	-0.22025	0.01688105	0
local_context_only	MALAT1_A549_NGG_0041	0.0	0.0	22.30325	-0.69675	0.01688105	0
local_context_only	MALAT1_A549_NGG_0042	0.0	0.0	13.0013	0.0013	0.01688105	0
local_context_only	MALAT1_A549_NGG_0043	0.0	0.0	20.2648	-1.7352	0.01688105	0
local_context_only	MALAT1_A549_NGG_0044	0.0	0.0	30.6858	-2.3142	0.01688105	0
local_context_only	MALAT1_A549_NGG_0045	0.0	0.9988	4.13075	0.13075	0.01688105	1
local_context_only	MALAT1_A549_NGG_0046	1.0	1.0	1.0	0.0	0.01688105	1
local_context_only	MALAT1_A549_NGG_0047	0.0	1.0	2.0002	0.0002	0.01688105	1
local_context_only	MALAT1_A549_NGG_0048	0.0	1.0	3.0918	0.0918	0.01688105	1
local_context_only	MALAT1_A549_NGG_0049	0.0	0.0	18.86275	-2.13725	0.01688105	0
local_context_only	MALAT1_A549_NGG_0050	0.0	0.0	31.8466	-0.1534	0.0227293	0
local_context_only	MALAT1_A549_NGG_0051	0.0	0.0	9.08425	0.08425	0.0227293	0
local_context_only	MALAT1_A549_NGG_0052	0.0	0.0	7.3516	0.3516	0.0227293	0
local_context_only	MALAT1_A549_NGG_0053	0.0	0.13645	6.087	0.087	0.0227293	0
local_context_only	MALAT1_A549_NGG_0054	0.0	0.0	11.7991	0.7991	0.0227293	0
local_context_only	MALAT1_A549_NGG_0055	0.0	0.0	10.21495	0.21495	0.0227293	0
local_context_only	MALAT1_A549_NGG_0056	0.0	0.0	13.15795	1.15795	0.0227293	0
local_context_only	MALAT1_A549_NGG_0057	0.0	0.0	17.58465	-0.41535	0.0227293	0
local_context_only	MALAT1_A549_NGG_0058	0.0	0.0	14.95645	0.95645	0.0227293	0
local_context_only	MALAT1_A549_NGG_0059	0.0	0.0	21.1988	1.1988	0.0227293	0
local_context_only	MALAT1_A549_NGG_0060	0.0	0.0	16.2093	1.2093	0.0227293	0
local_context_only	MALAT1_A549_NGG_0061	0.0	0.0	20.08185	1.08185	0.0227293	0
local_context_only	MALAT1_A549_NGG_0062	0.0	0.0	46.9658	0.9658	0.0227293	0
local_context_only	MALAT1_A549_NGG_0063	0.0	0.0	52.56735	0.56735	0.0227293	0
local_context_only	MALAT1_A549_NGG_0064	0.0	0.0	51.1235	1.1235	0.0227293	0
local_context_only	MALAT1_A549_NGG_0065	0.0	0.0	54.5562	0.5562	0.0227293	0
local_context_only	MALAT1_A549_NGG_0066	0.0	0.0	49.15815	2.15815	0.0227293	0
local_context_only	MALAT1_A549_NGG_0067	0.0	0.0	24.19665	-0.80335	0.01539697	0
local_context_only	MALAT1_A549_NGG_0068	0.0	0.0	27.10955	0.10955	0.01539697	0
local_context_only	MALAT1_A549_NGG_0069	0.0	0.0	33.8971	-0.1029	0.01539697	0
local_context_only	MALAT1_A549_NGG_0070	0.0	0.0	59.03165	1.03165	0.01539697	0
local_context_only	MALAT1_A549_NGG_0071	0.0	0.0012	7.4342	-0.5658	0.01539697	1
local_context_only	MALAT1_A549_NGG_0072	0.0	0.0	28.31645	0.31645	0.01539697	0
local_context_only	MALAT1_A549_NGG_0073	0.0	0.0	65.6781	1.6781	0.01539697	0
local_context_only	MALAT1_A549_NGG_0074	0.0	0.0	16.7462	0.7462	0.01539697	0
local_context_only	MALAT1_A549_NGG_0075	0.0	0.0	37.21015	0.21015	0.01539697	0
local_context_only	MALAT1_A549_NGG_0076	0.0	0.86355	4.9651	-0.0349	0.01539697	1
local_context_only	MALAT1_A549_NGG_0077	0.0	0.0	29.444	0.444	0.01539697	0
local_context_only	MALAT1_A549_NGG_0078	0.0	0.0	32.39895	1.39895	0.01539697	0
local_context_only	MALAT1_A549_NGG_0079	0.0	0.0	17.7958	0.7958	0.01539697	0
local_context_only	MALAT1_A549_NGG_0080	0.0	0.0	72.74505	0.74505	0.01539697	0
local_context_only	MALAT1_A549_NGG_0081	0.0	0.0	75.7628	-0.2372	0.01539697	0
local_context_only	MALAT1_A549_NGG_0082	0.0	0.0	78.6951	1.6951	0.01539697	0
local_context_only	MALAT1_A549_NGG_0083	0.0	0.0	69.9134	-0.0866	0.01539697	0
local_context_only	MALAT1_A549_NGG_0084	0.0	0.0	79.71165	1.71165	0.01539697	0
local_context_only	MALAT1_A549_NGG_0085	0.0	0.0	30.64625	0.64625	0.01539697	0
local_context_only	MALAT1_A549_NGG_0086	0.0	0.0	35.1943	0.1943	0.01539697	0
Jost_only	MALAT1_A549_NGG_0001	0.0	0.0	37.07245	-0.92755	0.01813066	0
Jost_only	MALAT1_A549_NGG_0002	0.0	0.0	39.56505	0.56505	0.0163059	0
Jost_only	MALAT1_A549_NGG_0003	0.0	0.0	40.45775	0.45775	0.0155106	0
Jost_only	MALAT1_A549_NGG_0004	0.0	0.0	41.17935	0.17935	0.01447412	0
Jost_only	MALAT1_A549_NGG_0005	0.0	0.0	41.44975	-0.55025	0.01226507	0
Jost_only	MALAT1_A549_NGG_0006	0.0	0.0	64.90845	-0.09155	0.0142982	0
Jost_only	MALAT1_A549_NGG_0007	0.0	0.0	47.54015	2.54015	0.01910232	0
Jost_only	MALAT1_A549_NGG_0008	0.0	0.0	61.45025	1.45025	0.01543189	0
Jost_only	MALAT1_A549_NGG_0009	0.0	0.0	63.0649	0.0649	0.01467949	0
Jost_only	MALAT1_A549_NGG_0010	0.0	0.0	51.7066	-1.2934	0.01827541	0
Jost_only	MALAT1_A549_NGG_0011	0.0	0.0	66.4126	-0.5874	0.01272062	0
Jost_only	MALAT1_A549_NGG_0012	0.0	0.0	68.0873	-0.9127	0.01116703	0
Jost_only	MALAT1_A549_NGG_0013	0.0	0.0	65.32035	-0.67965	0.01287731	0
Jost_only	MALAT1_A549_NGG_0014	0.0	0.0	66.9015	-1.0985	0.01173082	0
Jost_only	MALAT1_A549_NGG_0015	0.0	0.0	26.3416	0.3416	0.013293	0
Jost_only	MALAT1_A549_NGG_0016	0.0	0.0	52.75965	-3.24035	0.01685784	0
Jost_only	MALAT1_A549_NGG_0017	0.0	0.0	45.90465	2.90465	0.01862303	0
Jost_only	MALAT1_A549_NGG_0018	0.0	0.0	62.3511	0.3511	0.01140819	0
Jost_only	MALAT1_A549_NGG_0019	0.0	0.0	62.2823	1.2823	0.01112517	0
Jost_only	MALAT1_A549_NGG_0020	0.0	0.0	83.50305	-0.49695	0.01491267	0
Jost_only	MALAT1_A549_NGG_0021	0.0	0.0	52.4155	-2.5845	0.01521249	0
Jost_only	MALAT1_A549_NGG_0022	0.0	0.0	50.46915	1.46915	0.01555589	0
Jost_only	MALAT1_A549_NGG_0023	0.0	0.0	49.55215	1.55215	0.0160202	0
Jost_only	MALAT1_A549_NGG_0024	0.0	0.0	46.2765	2.2765	0.01703085	0
Jost_only	MALAT1_A549_NGG_0025	0.0	0.0	84.78205	-1.21795	0.01034777	0
Jost_only	MALAT1_A549_NGG_0026	0.0	0.0	82.8268	-0.1732	0.01291936	0
Jost_only	MALAT1_A549_NGG_0027	0.0	0.0	73.27195	-1.72805	0.01927875	0
Jost_only	MALAT1_A549_NGG_0028	0.0	0.0	56.8259	-0.1741	0.01818338	0
Jost_only	MALAT1_A549_NGG_0029	0.0	0.0	79.4614	-0.5386	0.01550985	0
Jost_only	MALAT1_A549_NGG_0030	0.0	0.0	50.72695	-0.27305	0.01332619	0
Jost_only	MALAT1_A549_NGG_0031	0.0	0.0	82.0255	1.0255	0.01028959	0
Jost_only	MALAT1_A549_NGG_0032	0.0	0.0	84.3824	-0.6176	0.00590215	0
Jost_only	MALAT1_A549_NGG_0033	0.0	0.0	82.5476	0.5476	0.00733444	0
Jost_only	MALAT1_A549_NGG_0034	0.0	0.0	34.15755	-1.84245	0.01922402	0
Jost_only	MALAT1_A549_NGG_0035	0.0	0.0	78.8002	-0.1998	0.00570968	0
Jost_only	MALAT1_A549_NGG_0036	0.0	0.0	60.9124	1.9124	0.0187848	0
Jost_only	MALAT1_A549_NGG_0037	0.0	0.0	72.2951	-0.7049	0.01451958	0
Jost_only	MALAT1_A549_NGG_0038	0.0	0.0	73.5658	-0.4342	0.01295957	0
Jost_only	MALAT1_A549_NGG_0039	0.0	0.0	69.3691	-1.6309	0.01585251	0
Jost_only	MALAT1_A549_NGG_0040	0.0	0.0	23.5636	-0.4364	0.01952625	0
Jost_only	MALAT1_A549_NGG_0041	0.0	0.0	22.6908	-0.3092	0.01964459	0
Jost_only	MALAT1_A549_NGG_0042	0.0	0.0	14.62405	1.62405	0.01904055	0
Jost_only	MALAT1_A549_NGG_0043	0.0	0.0	21.0437	-0.9563	0.01961056	0
Jost_only	MALAT1_A549_NGG_0044	0.0	0.0	31.66735	-1.33265	0.01802054	0
Jost_only	MALAT1_A549_NGG_0045	0.00495	0.93165	3.816	-0.184	0.01940691	1
Jost_only	MALAT1_A549_NGG_0046	0.7949	1.0	1.22725	0.22725	0.01769762	1
Jost_only	MALAT1_A549_NGG_0047	0.1902	0.9995	2.00675	0.00675	0.01897571	1
Jost_only	MALAT1_A549_NGG_0048	0.0099	0.9555	3.57445	0.57445	0.01947043	1
Jost_only	MALAT1_A549_NGG_0049	0.0	0.0	20.57235	-0.42765	0.01942266	0
Jost_only	MALAT1_A549_NGG_0050	0.0	0.0	31.43875	-0.56125	0.01954586	0
Jost_only	MALAT1_A549_NGG_0051	0.0	0.00165	10.24725	1.24725	0.01796758	0
Jost_only	MALAT1_A549_NGG_0052	0.0	0.09235	7.15565	0.15565	0.01944927	0
Jost_only	MALAT1_A549_NGG_0053	0.0	0.18835	6.5246	0.5246	0.01949857	0
Jost_only	MALAT1_A549_NGG_0054	0.0	5e-05	13.00115	2.00115	0.01655666	0
Jost_only	MALAT1_A549_NGG_0055	0.0	0.0008	10.90125	0.90125	0.01765947	0
Jost_only	MALAT1_A549_NGG_0056	0.0	0.0	13.9153	1.9153	0.01611764	0
Jost_only	MALAT1_A549_NGG_0057	0.0	0.0	16.75965	-1.24035	0.01453397	0
Jost_only	MALAT1_A549_NGG_0058	0.0	0.0	15.5964	1.5964	0.01513574	0
Jost_only	MALAT1_A549_NGG_0059	0.0	0.0	19.67975	-0.32025	0.01257089	0
Jost_only	MALAT1_A549_NGG_0060	0.0	0.0	16.0857	1.0857	0.01475661	0
Jost_only	MALAT1_A549_NGG_0061	0.0	0.0	19.44485	0.44485	0.01255075	0
Jost_only	MALAT1_A549_NGG_0062	0.0	0.0	47.36245	1.36245	0.01197461	0
Jost_only	MALAT1_A549_NGG_0063	0.0	0.0	50.9763	-1.0237	0.00918229	0
Jost_only	MALAT1_A549_NGG_0064	0.0	0.0	50.3202	0.3202	0.0097376	0
Jost_only	MALAT1_A549_NGG_0065	0.0	0.0	52.57885	-1.42115	0.00779975	0
Jost_only	MALAT1_A549_NGG_0066	0.0	0.0	48.9169	1.9169	0.01081652	0
Jost_only	MALAT1_A549_NGG_0067	0.0	0.0	23.74175	-1.25825	0.01466104	0
Jost_only	MALAT1_A549_NGG_0068	0.0	0.0	27.9541	0.9541	0.01174817	0
Jost_only	MALAT1_A549_NGG_0069	0.0	0.0	33.2785	-0.7215	0.00491889	0
Jost_only	MALAT1_A549_NGG_0070	0.0	0.0	57.27205	-0.72795	0.01147662	0
Jost_only	MALAT1_A549_NGG_0071	0.0	0.07615	7.3129	-0.6871	0.01933276	1
Jost_only	MALAT1_A549_NGG_0072	0.0	0.0	28.522	0.522	0.01138749	0
Jost_only	MALAT1_A549_NGG_0073	0.0	0.0	64.01185	0.01185	0.00511117	0
Jost_only	MALAT1_A549_NGG_0074	0.0	0.0	16.46935	0.46935	0.01907642	0
Jost_only	MALAT1_A549_NGG_0075	0.0	0.0	36.55675	-0.44325	0.00932394	0
Jost_only	MALAT1_A549_NGG_0076	5e-05	0.754	4.97885	-0.02115	0.01487193	1
Jost_only	MALAT1_A549_NGG_0077	0.0	0.0	28.84785	-0.15215	0.01611382	0
Jost_only	MALAT1_A549_NGG_0078	0.0	0.0	31.57775	0.57775	0.0148872	0
Jost_only	MALAT1_A549_NGG_0079	0.0	0.0	16.58345	-0.41655	0.01931059	0
Jost_only	MALAT1_A549_NGG_0080	0.0	0.0	72.088	0.088	0.01018059	0
Jost_only	MALAT1_A549_NGG_0081	0.0	0.0	75.34435	-0.65565	0.01152819	0
Jost_only	MALAT1_A549_NGG_0082	0.0	0.0	78.06755	1.06755	0.0084567	0
Jost_only	MALAT1_A549_NGG_0083	0.0	0.0	68.6696	-1.3304	0.01912827	0
Jost_only	MALAT1_A549_NGG_0084	0.0	0.0	78.26005	0.26005	0.01549043	0
Jost_only	MALAT1_A549_NGG_0085	0.0	0.0	29.3333	-0.6667	0.01859088	0
Jost_only	MALAT1_A549_NGG_0086	0.0	0.0	33.5159	-1.4841	0.01933484	0
all_sources_combined	MALAT1_A549_NGG_0001	0.0	0.00035	34.8022	-3.1978	0.05859263	0
all_sources_combined	MALAT1_A549_NGG_0002	0.0	0.0	39.51735	0.51735	0.05944826	0
all_sources_combined	MALAT1_A549_NGG_0003	0.0	5e-05	41.47305	1.47305	0.05994187	0
all_sources_combined	MALAT1_A549_NGG_0004	0.0	0.0	42.93585	1.93585	0.06013395	0
all_sources_combined	MALAT1_A549_NGG_0005	0.0	0.0	43.4578	1.4578	0.05970559	0
all_sources_combined	MALAT1_A549_NGG_0006	0.0	0.0	64.3949	-0.6051	0.05274909	0
all_sources_combined	MALAT1_A549_NGG_0007	0.0	0.0	48.47445	3.47445	0.05124219	0
all_sources_combined	MALAT1_A549_NGG_0008	0.0	0.0	61.04495	1.04495	0.05227171	0
all_sources_combined	MALAT1_A549_NGG_0009	0.0	0.0	62.50175	-0.49825	0.05225951	0
all_sources_combined	MALAT1_A549_NGG_0010	0.0	0.0	52.20495	-0.79505	0.05112732	0
all_sources_combined	MALAT1_A549_NGG_0011	0.0	0.0	65.91655	-1.08345	0.0528778	0
all_sources_combined	MALAT1_A549_NGG_0012	0.0	0.0	67.4557	-1.5443	0.05285515	0
all_sources_combined	MALAT1_A549_NGG_0013	0.0	0.0	64.774	-1.226	0.05238849	0
all_sources_combined	MALAT1_A549_NGG_0014	0.0	0.0	66.2434	-1.7566	0.05282182	0
all_sources_combined	MALAT1_A549_NGG_0015	0.0	0.00475	24.79905	-1.20095	0.05214897	0
all_sources_combined	MALAT1_A549_NGG_0016	0.0	0.0	52.96645	-3.03355	0.04995422	0
all_sources_combined	MALAT1_A549_NGG_0017	0.0	0.0	46.6573	3.6573	0.04903305	0
all_sources_combined	MALAT1_A549_NGG_0018	0.0	0.0	61.81635	-0.18365	0.05149137	0
all_sources_combined	MALAT1_A549_NGG_0019	0.0	0.0	61.75555	0.75555	0.05146398	0
all_sources_combined	MALAT1_A549_NGG_0020	0.0	0.0	82.7878	-1.2122	0.04384623	0
all_sources_combined	MALAT1_A549_NGG_0021	0.0	0.0	52.569	-2.431	0.04960328	0
all_sources_combined	MALAT1_A549_NGG_0022	0.0	0.0	50.85	1.85	0.04915895	0
all_sources_combined	MALAT1_A549_NGG_0023	0.0	0.0	50.0897	2.0897	0.0488314	0
all_sources_combined	MALAT1_A549_NGG_0024	0.0	0.0	46.98445	2.98445	0.04851302	0
all_sources_combined	MALAT1_A549_NGG_0025	0.0	0.0	84.23525	-1.76475	0.0439584	0
all_sources_combined	MALAT1_A549_NGG_0026	0.0	0.0	82.07575	-0.92425	0.0438421	0
all_sources_combined	MALAT1_A549_NGG_0027	0.0	0.0	69.98825	-5.01175	0.04441822	0
all_sources_combined	MALAT1_A549_NGG_0028	0.0	0.0	55.42415	-1.57585	0.04690667	0
all_sources_combined	MALAT1_A549_NGG_0029	0.0	0.0	78.23215	-1.76785	0.04349957	0
all_sources_combined	MALAT1_A549_NGG_0030	0.0	0.0	50.93935	-0.06065	0.04926844	0
all_sources_combined	MALAT1_A549_NGG_0031	0.0	0.0	81.13815	0.13815	0.04455153	0
all_sources_combined	MALAT1_A549_NGG_0032	0.0	0.0	83.75555	-1.24445	0.04479384	0
all_sources_combined	MALAT1_A549_NGG_0033	0.0	0.0	81.7243	-0.2757	0.04497243	0
all_sources_combined	MALAT1_A549_NGG_0034	0.0	0.0	32.40785	-3.59215	0.04480357	0
all_sources_combined	MALAT1_A549_NGG_0035	0.0	0.0	77.47625	-1.52375	0.04727111	0
all_sources_combined	MALAT1_A549_NGG_0036	0.0	0.0	58.35375	-0.64625	0.04657694	0
all_sources_combined	MALAT1_A549_NGG_0037	0.0	0.0	68.62245	-4.37755	0.04776682	0
all_sources_combined	MALAT1_A549_NGG_0038	0.0	0.0	70.20025	-3.79975	0.04836999	0
all_sources_combined	MALAT1_A549_NGG_0039	0.0	0.0	65.46985	-5.53015	0.04801722	0
all_sources_combined	MALAT1_A549_NGG_0040	0.0	0.0003	22.8429	-1.1571	0.04447552	0
all_sources_combined	MALAT1_A549_NGG_0041	0.0	0.00035	22.10645	-0.89355	0.04484561	0
all_sources_combined	MALAT1_A549_NGG_0042	0.0	0.0094	15.4722	2.4722	0.04336915	0
all_sources_combined	MALAT1_A549_NGG_0043	0.0	0.0006	20.7657	-1.2343	0.04468176	0
all_sources_combined	MALAT1_A549_NGG_0044	0.0	0.0	30.21595	-2.78405	0.04725446	0
all_sources_combined	MALAT1_A549_NGG_0045	0.0048	0.84175	4.23025	0.23025	0.04152491	1
all_sources_combined	MALAT1_A549_NGG_0046	0.73185	0.9987	1.35005	0.35005	0.03645138	1
all_sources_combined	MALAT1_A549_NGG_0047	0.17465	0.9892	2.25	0.25	0.03848745	1
all_sources_combined	MALAT1_A549_NGG_0048	0.00885	0.87575	3.9882	0.9882	0.04185362	1
all_sources_combined	MALAT1_A549_NGG_0049	0.0	0.01665	21.86325	0.86325	0.05174471	0
all_sources_combined	MALAT1_A549_NGG_0050	0.0	0.00025	31.46745	-0.53255	0.0524554	0
all_sources_combined	MALAT1_A549_NGG_0051	0.0	0.00675	12.2841	3.2841	0.04956408	0
all_sources_combined	MALAT1_A549_NGG_0052	0.0	0.1625	7.8672	0.8672	0.04623936	0
all_sources_combined	MALAT1_A549_NGG_0053	0.0001	0.2803	7.14455	1.14455	0.04569581	0
all_sources_combined	MALAT1_A549_NGG_0054	0.0	0.0005	15.7526	4.7526	0.05133328	0
all_sources_combined	MALAT1_A549_NGG_0055	0.0	0.00325	13.1708	3.1708	0.05003075	0
all_sources_combined	MALAT1_A549_NGG_0056	0.0	5e-05	16.7973	4.7973	0.05208717	0
all_sources_combined	MALAT1_A549_NGG_0057	0.0	0.0	19.9249	1.9249	0.05334865	0
all_sources_combined	MALAT1_A549_NGG_0058	0.0	5e-05	18.7239	4.7239	0.05270578	0
all_sources_combined	MALAT1_A549_NGG_0059	0.0	0.0	22.83615	2.83615	0.05452647	0
all_sources_combined	MALAT1_A549_NGG_0060	0.0	5e-05	19.24	4.24	0.05286895	0
all_sources_combined	MALAT1_A549_NGG_0061	0.0	0.0	22.6812	3.6812	0.05419679	0
all_sources_combined	MALAT1_A549_NGG_0062	0.0	0.0	49.46315	3.46315	0.05703302	0
all_sources_combined	MALAT1_A549_NGG_0063	0.0	0.0	52.83835	0.83835	0.05784972	0
all_sources_combined	MALAT1_A549_NGG_0064	0.0	0.0	52.24665	2.24665	0.0576804	0
all_sources_combined	MALAT1_A549_NGG_0065	0.0	0.0	54.2542	0.2542	0.0581697	0
all_sources_combined	MALAT1_A549_NGG_0066	0.0	0.0	50.96785	3.96785	0.05739937	0
all_sources_combined	MALAT1_A549_NGG_0067	0.0	0.001	23.45625	-1.54375	0.05080205	0
all_sources_combined	MALAT1_A549_NGG_0068	0.0	0.00015	27.421	0.421	0.05266963	0
all_sources_combined	MALAT1_A549_NGG_0069	0.0	0.0	32.96665	-1.03335	0.05496626	0
all_sources_combined	MALAT1_A549_NGG_0070	0.0	0.0	56.97955	-1.02045	0.05374018	0
all_sources_combined	MALAT1_A549_NGG_0071	0.0047	0.2082	8.8111	0.8111	0.04297893	1
all_sources_combined	MALAT1_A549_NGG_0072	0.0	0.00015	28.08265	0.08265	0.05296737	0
all_sources_combined	MALAT1_A549_NGG_0073	0.0	0.0	63.16515	-0.83485	0.05493673	0
all_sources_combined	MALAT1_A549_NGG_0074	0.0	0.01025	17.53565	1.53565	0.04688232	0
all_sources_combined	MALAT1_A549_NGG_0075	0.0	0.0	36.5586	-0.4414	0.0541509	0
all_sources_combined	MALAT1_A549_NGG_0076	0.07505	0.57325	6.0324	1.0324	0.04279552	1
all_sources_combined	MALAT1_A549_NGG_0077	0.0	0.0001	27.8674	-1.1326	0.05045903	0
all_sources_combined	MALAT1_A549_NGG_0078	0.0	5e-05	30.6008	-0.3992	0.05153076	0
all_sources_combined	MALAT1_A549_NGG_0079	0.0	0.0116	17.6136	0.6136	0.04619571	0
all_sources_combined	MALAT1_A549_NGG_0080	0.0	0.0	68.7575	-3.2425	0.05147017	0
all_sources_combined	MALAT1_A549_NGG_0081	0.0	0.0	73.3418	-2.6582	0.04998988	0
all_sources_combined	MALAT1_A549_NGG_0082	0.0	0.0	78.24405	1.24405	0.05011978	0
all_sources_combined	MALAT1_A549_NGG_0083	0.0	0.0	66.04585	-3.95415	0.04986384	0
all_sources_combined	MALAT1_A549_NGG_0084	0.0	0.0	78.1547	0.1547	0.05054457	0
all_sources_combined	MALAT1_A549_NGG_0085	0.0	0.0033	27.98985	-2.01015	0.05391531	0
all_sources_combined	MALAT1_A549_NGG_0086	0.0	0.0004	32.1143	-2.8857	0.05395291	0
