robustness_order	candidate_id	mean_p_rank_1_across_profiles	max_p_rank_1_across_profiles	mean_p_top_5_across_profiles	minimum_p_top_5_across_profiles	mean_rank_across_profiles	worst_mean_rank_across_profiles	balanced_p_top_5	efficacy_p_top_5	safety_p_top_5	one_mismatch_hits	two_mismatch_hits	sequence_feasibility_pass	jost_crispri_specificity	midpoint_distance_to_tss_bp	ATAC_support	TALAM1_safety	nearby_promoter_safety
1	MALAT1_A549_NGG_0046	0.67565555	0.78943333	0.99274445	0.97996667	1.482155	1.854933	0.99836667	0.9999	0.97996667	0	0	1	0.710624	-42.5	1	1	0
2	MALAT1_A549_NGG_0047	0.15911111	0.1945	0.96902222	0.91936667	2.460878	3.1157	0.9891	0.9986	0.91936667	0	1	1	0.620125	-22.5	1	1	0
3	MALAT1_A549_NGG_0048	0.00696667	0.0093	0.8067	0.60073333	4.440733	5.750933	0.8731	0.94626667	0.60073333	0	0	1	0.486566	-14.5	1	1	0
4	MALAT1_A549_NGG_0045	0.00453333	0.0054	0.77181111	0.57246667	4.700911	5.919433	0.83896667	0.904	0.57246667	0	0	1	0.489326	-64.5	1	1	0
5	MALAT1_A549_NGG_0076	0.14923333	0.36913333	0.52715556	0.07466667	7.744745	14.577967	0.57396667	0.07466667	0.93283333	0	0	1	0.821316	342.5	0	0	1
6	MALAT1_A549_NGG_0053	6.667e-05	0.00016667	0.30725556	0.06286667	8.117133	11.787067	0.2867	0.5722	0.06286667	0	0	1	0.483806	-1.5	1	0	0
7	MALAT1_A549_NGG_0052	3.333e-05	0.0001	0.18225555	0.0302	9.076344	13.2889	0.16093333	0.35563333	0.0302	0	2	1	0.448098	-2.5	1	0	0
8	MALAT1_A549_NGG_0071	0.00406667	0.00716667	0.23871111	0.0167	10.386833	16.517767	0.20783333	0.0167	0.4916	0	0	1	0.559851	248.5	0	0	1
9	MALAT1_A549_NGG_0049	0.0	0.0	0.0386	0.00606667	20.324755	27.8049	0.0156	0.09413333	0.00606667	0	0	0	0.522588	-10.5	1	1	0
10	MALAT1_A549_NGG_0051	0.0	0.0	0.00835556	0.0009	14.048711	20.8055	0.00646667	0.0177	0.0009	0	0	1	0.306047	-2.5	1	0	0
11	MALAT1_A549_NGG_0042	1.111e-05	3.333e-05	0.01524444	0.00043333	16.027078	20.738133	0.00926667	0.00043333	0.03603333	0	0	1	0.600821	-77.5	0	1	0
12	MALAT1_A549_NGG_0055	0.0	0.0	0.00454445	0.0004	14.9948	22.192033	0.00296667	0.01026667	0.0004	0	3	1	0.285547	11.5	1	0	0
13	MALAT1_A549_NGG_0074	0.0	0.0	0.02131111	0.0001	18.862789	26.040767	0.01143333	0.0001	0.0524	0	0	1	0.41195	340.5	0	0	1
14	MALAT1_A549_NGG_0079	0.0	0.0	0.02795556	6.667e-05	18.956011	27.0558	0.01166667	6.667e-05	0.07213333	0	0	1	0.456053	355.5	0	0	1
15	MALAT1_A549_NGG_0050	0.0	0.0	0.00238889	3.333e-05	29.230389	40.640633	3.333e-05	0.00706667	6.667e-05	0	0	0	0.519932	-7.5	1	0	0
16	MALAT1_A549_NGG_0043	0.0	0.0	0.00088889	3.333e-05	20.902133	24.316567	0.00036667	3.333e-05	0.00226667	0	0	1	0.486166	-74.5	0	1	0
17	MALAT1_A549_NGG_0015	0.00028889	0.00086667	0.04306667	0.0	24.055633	34.979567	0.0059	0.0	0.1233	0	0	1	0.864053	-420.5	0	1	0
18	MALAT1_A549_NGG_0085	2.222e-05	6.667e-05	0.02667778	0.0	27.937689	41.1272	0.00343333	0.0	0.0766	0	0	1	0.641195	487.5	0	0	1
19	MALAT1_A549_NGG_0086	0.0	0.0	0.0078	0.0	31.784678	44.252967	0.00063333	0.0	0.02276667	0	0	1	0.56465	488.5	0	0	1
20	MALAT1_A549_NGG_0001	1.111e-05	3.333e-05	0.00363333	0.0	35.883811	50.3977	0.00033333	0.0	0.01056667	0	1	1	0.314617	-488.5	0	1	1
21	MALAT1_A549_NGG_0067	0.0	0.0	0.00077778	0.0	24.841445	28.270567	0.001	0.0	0.00133333	0	0	1	0.172258	211.5	0	0	1
22	MALAT1_A549_NGG_0054	0.0	0.0	0.0007	0.0	17.731533	26.071233	0.0007	0.0014	0.0	0	1	1	0.233398	10.5	1	0	0
23	MALAT1_A549_NGG_0002	0.0	0.0	0.0005	0.0	41.302167	55.7462	3.333e-05	0.0	0.00146667	0	0	1	0.224713	-487.5	0	1	1
24	MALAT1_A549_NGG_0041	0.0	0.0	0.00034445	0.0	22.155522	25.377533	0.00026667	0.0	0.00076667	0	0	1	0.466126	-78.5	0	1	0
25	MALAT1_A549_NGG_0040	0.0	0.0	0.00034444	0.0	22.8334	25.956167	0.0003	0.0	0.00073333	0	0	1	0.458539	-82.5	0	1	0
26	MALAT1_A549_NGG_0056	0.0	0.0	0.00027778	0.0	18.833689	27.521967	0.00023333	0.0006	0.0	0	1	1	0.214112	12.5	1	0	0
27	MALAT1_A549_NGG_0077	0.0	0.0	0.00024444	0.0	28.979722	34.2078	3.333e-05	0.0	0.0007	0	0	1	0.219035	343.5	0	0	1
28	MALAT1_A549_NGG_0003	0.0	0.0	0.00021111	0.0	43.474756	57.9307	0.0	0.0	0.00063333	0	2	1	0.190639	-486.5	0	1	1
29	MALAT1_A549_NGG_0068	0.0	0.0	0.00012222	0.0	29.019433	31.3118	0.00023333	0.0	0.00013333	0	1	1	0.103524	215.5	0	0	1
30	MALAT1_A549_NGG_0004	0.0	0.0	0.00012222	0.0	45.2242	59.670333	0.0	0.0	0.00036667	0	1	1	0.164382	-485.5	0	1	1
31	MALAT1_A549_NGG_0078	0.0	0.0	5.555e-05	0.0	31.6963	36.1269	3.333e-05	0.0	0.00013333	0	0	1	0.175683	344.5	0	0	1
32	MALAT1_A549_NGG_0072	0.0	0.0	4.445e-05	0.0	29.666256	31.816267	6.667e-05	0.0	6.667e-05	0	1	1	0.094433	270.5	0	0	1
33	MALAT1_A549_NGG_0060	0.0	0.0	4.444e-05	0.0	21.317989	30.892167	3.333e-05	0.0001	0.0	0	2	1	0.173928	26.5	1	0	0
34	MALAT1_A549_NGG_0058	0.0	0.0	3.333e-05	0.0	20.783944	30.1403	0.0	0.0001	0.0	0	1	1	0.182473	25.5	1	0	0
35	MALAT1_A549_NGG_0005	0.0	0.0	3.333e-05	0.0	45.773033	58.532	0.0	0.0	0.0001	0	4	1	0.110953	-452.5	0	1	1
36	MALAT1_A549_NGG_0057	0.0	0.0	1.111e-05	0.0	22.040422	31.786933	0.0	3.333e-05	0.0	0	2	1	0.162386	24.5	1	0	0
37	MALAT1_A549_NGG_0028	0.0	0.0	1.111e-05	0.0	50.850256	55.4603	0.0	0.0	3.333e-05	0	0	0	0.675372	-302.5	0	1	0
38	MALAT1_A549_NGG_0061	0.0	0.0	0.0	0.0	24.7457	35.396533	0.0	0.0	0.0	0	1	1	0.120233	27.5	1	0	0
39	MALAT1_A549_NGG_0059	0.0	0.0	0.0	0.0	24.942744	35.6094	0.0	0.0	0.0	0	1	1	0.117149	26.5	1	0	0
40	MALAT1_A549_NGG_0044	0.0	0.0	0.0	0.0	30.239533	31.064933	0.0	0.0	0.0	0	0	1	0.308831	-73.5	0	1	0
41	MALAT1_A549_NGG_0034	0.0	0.0	0.0	0.0	32.0586	35.762533	0.0	0.0	0.0	0	0	1	0.423784	-198.5	0	1	0
42	MALAT1_A549_NGG_0069	0.0	0.0	0.0	0.0	34.766133	35.833433	0.0	0.0	0.0	0	9	1	0.015948	228.5	0	0	1
43	MALAT1_A549_NGG_0075	0.0	0.0	0.0	0.0	37.973744	39.960533	0.0	0.0	0.0	0	0	1	0.061059	341.5	0	0	1
44	MALAT1_A549_NGG_0017	0.0	0.0	0.0	0.0	46.939467	52.3011	0.0	0.0	0.0	0	0	1	0.344134	-384.5	0	1	0
45	MALAT1_A549_NGG_0062	0.0	0.0	0.0	0.0	47.123211	64.688767	0.0	0.0	0.0	0	7	0	0.105665	31.5	1	0	0
46	MALAT1_A549_NGG_0024	0.0	0.0	0.0	0.0	47.394778	50.199033	0.0	0.0	0.0	0	1	1	0.252781	-322.5	0	1	0
47	MALAT1_A549_NGG_0066	0.0	0.0	0.0	0.0	48.558867	66.354567	0.0	0.0	0.0	0	3	0	0.083388	116.5	1	0	0
48	MALAT1_A549_NGG_0007	0.0	0.0	0.0	0.0	48.801022	56.6487	0.0	0.0	0.0	0	0	1	0.394344	-442.5	0	1	0
49	MALAT1_A549_NGG_0064	0.0	0.0	0.0	0.0	49.812778	67.834633	0.0	0.0	0.0	0	2	0	0.066127	43.5	1	0	0
50	MALAT1_A549_NGG_0063	0.0	0.0	0.0	0.0	50.389467	68.5025	0.0	0.0	0.0	1	2	0	0.058374	34.5	1	0	0
51	MALAT1_A549_NGG_0023	0.0	0.0	0.0	0.0	50.615533	53.5434	0.0	0.0	0.0	0	0	1	0.210103	-328.5	0	1	0
52	MALAT1_A549_NGG_0022	0.0	0.0	0.0	0.0	51.493045	54.454067	0.0	0.0	0.0	0	1	1	0.199213	-329.5	0	1	0
53	MALAT1_A549_NGG_0030	0.0	0.0	0.0	0.0	51.603189	52.5835	0.0	0.0	0.0	0	1	1	0.134813	-283.5	0	1	0
54	MALAT1_A549_NGG_0065	0.0	0.0	0.0	0.0	51.702289	70.0001	0.0	0.0	0.0	1	5	0	0.041135	72.5	1	0	0
55	MALAT1_A549_NGG_0010	0.0	0.0	0.0	0.0	52.806922	60.494667	0.0	0.0	0.0	0	0	1	0.325794	-437.5	0	1	0
56	MALAT1_A549_NGG_0021	0.0	0.0	0.0	0.0	53.2274	56.5165	0.0	0.0	0.0	0	0	1	0.184448	-337.5	0	1	0
57	MALAT1_A549_NGG_0016	0.0	0.0	0.0	0.0	53.644767	59.027333	0.0	0.0	0.0	0	0	1	0.242976	-385.5	0	1	0
58	MALAT1_A549_NGG_0070	0.0	0.0	0.0	0.0	54.2923	59.404033	0.0	0.0	0.0	1	0	0	0.094956	245.5	0	0	1
59	MALAT1_A549_NGG_0036	0.0	0.0	0.0	0.0	54.352422	59.156567	0.0	0.0	0.0	0	1	0	0.357004	-106.5	0	1	0
60	MALAT1_A549_NGG_0073	0.0	0.0	0.0	0.0	60.594156	65.826067	0.0	0.0	0.0	1	9	0	0.017377	307.5	0	0	1
61	MALAT1_A549_NGG_0039	0.0	0.0	0.0	0.0	61.358345	67.829767	0.0	0.0	0.0	0	0	0	0.205421	-85.5	0	1	0
62	MALAT1_A549_NGG_0008	0.0	0.0	0.0	0.0	62.262489	70.0588	0.0	0.0	0.0	0	1	1	0.194627	-441.5	0	1	0
63	MALAT1_A549_NGG_0019	0.0	0.0	0.0	0.0	63.055822	67.435967	0.0	0.0	0.0	1	1	1	0.089992	-372.5	0	1	0
64	MALAT1_A549_NGG_0018	0.0	0.0	0.0	0.0	63.114822	67.661867	0.0	0.0	0.0	0	0	1	0.093151	-375.5	0	1	0
65	MALAT1_A549_NGG_0083	0.0	0.0	0.0	0.0	63.708567	67.257533	0.0	0.0	0.0	0	1	0	0.391649	455.5	0	0	1
66	MALAT1_A549_NGG_0009	0.0	0.0	0.0	0.0	63.871011	71.439733	0.0	0.0	0.0	0	0	1	0.168808	-438.5	0	1	0
67	MALAT1_A549_NGG_0037	0.0	0.0	0.0	0.0	64.5607	70.942367	0.0	0.0	0.0	0	2	0	0.163481	-95.5	0	1	0
68	MALAT1_A549_NGG_0006	0.0	0.0	0.0	0.0	65.768245	73.796967	0.0	0.0	0.0	0	0	1	0.15825	-449.5	0	1	0
69	MALAT1_A549_NGG_0027	0.0	0.0	0.0	0.0	66.135833	70.025133	0.0	0.0	0.0	0	0	0	0.410845	-303.5	0	1	0
70	MALAT1_A549_NGG_0013	0.0	0.0	0.0	0.0	66.163255	73.011533	0.0	0.0	0.0	0	3	1	0.12182	-426.5	0	1	0
71	MALAT1_A549_NGG_0038	0.0	0.0	0.0	0.0	66.201378	72.9272	0.0	0.0	0.0	0	0	0	0.125422	-88.5	0	1	0
72	MALAT1_A549_NGG_0080	0.0	0.0	0.0	0.0	66.4733	68.926667	0.0	0.0	0.0	0	3	0	0.072514	366.5	0	0	1
73	MALAT1_A549_NGG_0011	0.0	0.0	0.0	0.0	67.360133	74.7355	0.0	0.0	0.0	0	2	1	0.120053	-436.5	0	1	0
74	MALAT1_A549_NGG_0014	0.0	0.0	0.0	0.0	67.751211	74.525467	0.0	0.0	0.0	0	3	1	0.099923	-425.5	0	1	0
75	MALAT1_A549_NGG_0012	0.0	0.0	0.0	0.0	69.027211	76.010067	0.0	0.0	0.0	0	5	1	0.090073	-430.5	0	1	0
76	MALAT1_A549_NGG_0081	0.0	0.0	0.0	0.0	71.8275	73.436833	0.0	0.0	0.0	0	3	0	0.097425	405.5	0	0	1
77	MALAT1_A549_NGG_0035	0.0	0.0	0.0	0.0	75.022322	80.190967	0.0	0.0	0.0	0	3	0	0.021876	-147.5	0	1	0
78	MALAT1_A549_NGG_0029	0.0	0.0	0.0	0.0	76.365289	78.214433	0.0	0.0	0.0	0	0	0	0.197718	-292.5	0	1	0
79	MALAT1_A549_NGG_0084	0.0	0.0	0.0	0.0	77.406211	82.088	0.0	0.0	0.0	0	0	0	0.196102	474.5	0	0	1
80	MALAT1_A549_NGG_0082	0.0	0.0	0.0	0.0	77.797522	79.006333	0.0	0.0	0.0	0	0	0	0.049887	425.5	0	0	1
81	MALAT1_A549_NGG_0031	0.0	0.0	0.0	0.0	79.849267	81.594767	0.0	0.0	0.0	0	4	0	0.076695	-256.5	0	1	0
82	MALAT1_A549_NGG_0033	0.0	0.0	0.0	0.0	80.500922	83.002233	0.0	0.0	0.0	0	1	0	0.03719	-237.5	0	1	0
83	MALAT1_A549_NGG_0026	0.0	0.0	0.0	0.0	81.0752	82.075567	0.0	0.0	0.0	0	1	0	0.123301	-304.5	0	1	0
84	MALAT1_A549_NGG_0020	0.0	0.0	0.0	0.0	81.9226	82.7774	0.0	0.0	0.0	0	1	0	0.179825	-360.5	0	1	0
85	MALAT1_A549_NGG_0032	0.0	0.0	0.0	0.0	82.862767	84.587833	0.0	0.0	0.0	1	7	0	0.023694	-255.5	0	1	0
86	MALAT1_A549_NGG_0025	0.0	0.0	0.0	0.0	83.537733	84.225267	0.0	0.0	0.0	0	4	0	0.076628	-305.5	0	1	0
