profile	candidate_id	original_p_rank_1	central_weight_confidence_factor_rank1	central_weight_top5_probability	iterations	interpretation	central_weight_C1_position	central_weight_C2_ATAC	central_weight_C3_TALAM1_safety	central_weight_C4_nearby_promoter_safety	central_weight_C5_sequence_feasibility	central_weight_C6_Jost_CRISPRi_specificity
balanced	MALAT1_A549_NGG_0045	0.0054	0.0049	0.92035	20000	probability candidate ranks first/top5 under criterion uncertainty with its profile-specific central criterion-weight vector fixed	0.14232529	0.15207962	0.14935552	0.14473339	0.15400787	0.25749831
balanced	MALAT1_A549_NGG_0046	0.7317	0.7895	0.99995	20000	probability candidate ranks first/top5 under criterion uncertainty with its profile-specific central criterion-weight vector fixed	0.1513824	0.15315746	0.14965873	0.14571598	0.15099939	0.24908604
balanced	MALAT1_A549_NGG_0047	0.17333333	0.19045	0.99835	20000	probability candidate ranks first/top5 under criterion uncertainty with its profile-specific central criterion-weight vector fixed	0.15286683	0.15441324	0.15002662	0.14522784	0.15101741	0.24644807
balanced	MALAT1_A549_NGG_0048	0.00756667	0.0091	0.96125	20000	probability candidate ranks first/top5 under criterion uncertainty with its profile-specific central criterion-weight vector fixed	0.1578203	0.1564154	0.14758417	0.14270391	0.15549466	0.23998156
balanced	MALAT1_A549_NGG_0053	3.333e-05	0.00015	0.28455	20000	probability candidate ranks first/top5 under criterion uncertainty with its profile-specific central criterion-weight vector fixed	0.109985	0.18010358	0.12716099	0.16820141	0.14115414	0.27339487
balanced	MALAT1_A549_NGG_0071	0.0049	0.0429	0.7589	20000	probability candidate ranks first/top5 under criterion uncertainty with its profile-specific central criterion-weight vector fixed	0.148673	0.11293643	0.15309689	0.22064498	0.14556868	0.21908003
balanced	MALAT1_A549_NGG_0076	0.07706667	0.3198	0.98565	20000	probability candidate ranks first/top5 under criterion uncertainty with its profile-specific central criterion-weight vector fixed	0.12564653	0.11058268	0.15019654	0.19135673	0.15179766	0.27041987
efficacy_focused	MALAT1_A549_NGG_0045	0.00486667	0.00465	0.93535	20000	probability candidate ranks first/top5 under criterion uncertainty with its profile-specific central criterion-weight vector fixed	0.21994978	0.22662008	0.0989605	0.09885753	0.09838923	0.25722289
efficacy_focused	MALAT1_A549_NGG_0046	0.78943333	0.7942	0.99995	20000	probability candidate ranks first/top5 under criterion uncertainty with its profile-specific central criterion-weight vector fixed	0.22478093	0.22540092	0.09974827	0.1001322	0.09981122	0.25012646
efficacy_focused	MALAT1_A549_NGG_0047	0.1945	0.19215	0.9995	20000	probability candidate ranks first/top5 under criterion uncertainty with its profile-specific central criterion-weight vector fixed	0.22688408	0.22468372	0.10010395	0.10008449	0.09983401	0.24840974
efficacy_focused	MALAT1_A549_NGG_0048	0.0093	0.00855	0.96865	20000	probability candidate ranks first/top5 under criterion uncertainty with its profile-specific central criterion-weight vector fixed	0.22367364	0.22649331	0.09668333	0.10013638	0.10533885	0.24767449
efficacy_focused	MALAT1_A549_NGG_0052	0.0001	5e-05	0.35465	20000	probability candidate ranks first/top5 under criterion uncertainty with its profile-specific central criterion-weight vector fixed	0.2263267	0.23122095	0.09624906	0.09417284	0.06584336	0.28618709
efficacy_focused	MALAT1_A549_NGG_0053	0.00016667	0.00075	0.66535	20000	probability candidate ranks first/top5 under criterion uncertainty with its profile-specific central criterion-weight vector fixed	0.26430149	0.24914811	0.07356445	0.0578377	0.08229484	0.27285341
efficacy_focused	MALAT1_A549_NGG_0071	0.00013333	0.00345	0.3363	20000	probability candidate ranks first/top5 under criterion uncertainty with its profile-specific central criterion-weight vector fixed	0.24038576	0.13912742	0.10207517	0.15844681	0.11153754	0.24842731
efficacy_focused	MALAT1_A549_NGG_0076	0.0015	0.03125	0.74295	20000	probability candidate ranks first/top5 under criterion uncertainty with its profile-specific central criterion-weight vector fixed	0.18718502	0.15019384	0.11720393	0.1604545	0.10034221	0.2846205
safety_focused	MALAT1_A549_NGG_0001	3.333e-05	0.01605	0.53205	20000	probability candidate ranks first/top5 under criterion uncertainty with its profile-specific central criterion-weight vector fixed	0.05285501	0.04515793	0.22723743	0.21973917	0.28129387	0.17371658
safety_focused	MALAT1_A549_NGG_0015	0.00086667	0.0242	0.90345	20000	probability candidate ranks first/top5 under criterion uncertainty with its profile-specific central criterion-weight vector fixed	0.04936862	0.05842806	0.18782488	0.14648551	0.16008956	0.39780337
safety_focused	MALAT1_A549_NGG_0042	3.333e-05	0.00025	0.092	20000	probability candidate ranks first/top5 under criterion uncertainty with its profile-specific central criterion-weight vector fixed	0.05778194	0.05190334	0.29761223	0.19321987	0.14375644	0.25572619
safety_focused	MALAT1_A549_NGG_0045	0.00333333	0.00565	0.7858	20000	probability candidate ranks first/top5 under criterion uncertainty with its profile-specific central criterion-weight vector fixed	0.10242689	0.10792767	0.18413735	0.15480009	0.15903665	0.29167136
safety_focused	MALAT1_A549_NGG_0046	0.50583333	0.6856	0.99945	20000	probability candidate ranks first/top5 under criterion uncertainty with its profile-specific central criterion-weight vector fixed	0.10661884	0.10968589	0.17663269	0.16185081	0.15041302	0.29479875
safety_focused	MALAT1_A549_NGG_0047	0.1095	0.1557	0.9898	20000	probability candidate ranks first/top5 under criterion uncertainty with its profile-specific central criterion-weight vector fixed	0.10759959	0.11182283	0.17651921	0.1604914	0.1509464	0.29262058
safety_focused	MALAT1_A549_NGG_0048	0.00403333	0.0072	0.83115	20000	probability candidate ranks first/top5 under criterion uncertainty with its profile-specific central criterion-weight vector fixed	0.10988347	0.11540524	0.17844581	0.15691616	0.15165926	0.28769007
safety_focused	MALAT1_A549_NGG_0071	0.00716667	0.01925	0.83955	20000	probability candidate ranks first/top5 under criterion uncertainty with its profile-specific central criterion-weight vector fixed	0.10649293	0.08927767	0.16766883	0.21408358	0.15352032	0.26895666
safety_focused	MALAT1_A549_NGG_0076	0.36913333	0.64495	0.99855	20000	probability candidate ranks first/top5 under criterion uncertainty with its profile-specific central criterion-weight vector fixed	0.08808671	0.08349562	0.17025048	0.19668646	0.14973946	0.31174127
safety_focused	MALAT1_A549_NGG_0085	6.667e-05	0.0014	0.6622	20000	probability candidate ranks first/top5 under criterion uncertainty with its profile-specific central criterion-weight vector fixed	0.04881025	0.05561007	0.16503225	0.23425778	0.15008478	0.34620487
